{"t_exec_epoch": 13.959782600402832, "train_loss": 0.07716121622920036, "valid_loss": 0.10220066690817475, "_timestamp": 1687874577.5281699, "_runtime": 151.3382167816162, "_step": 9}