{"t_exec_epoch": 0.9282991886138916, "train_loss": 0.025357005851609365, "valid_loss": 0.1103755384683609, "_timestamp": 1687523654.9409163, "_runtime": 35.351505279541016, "_step": 29, "T_rain": 28.30915641784668, "T_test": 0.06554031372070312, "MSE": 0.11466402560472488, "_wandb": {"runtime": 34}}