{"t_exec_epoch": 8.072258710861206, "train_loss": 0.050673039212822915, "valid_loss": 0.0798378165345639, "_timestamp": 1687773663.6587744, "_runtime": 258.00102138519287, "_step": 29, "T_train": 244.3466124534607, "T_test": 0.6391000747680664, "MSE": 0.07159256190061569, "_wandb": {"runtime": 258}}