{"t_exec_epoch": 1676.8075218200684, "train_loss": 0.012068031960110744, "valid_loss": 0.015308780903028719, "_timestamp": 1687630567.0356266, "_runtime": 86680.83336472511, "_step": 49, "T_train": 86219.32304048538, "T_test": 96.0608537197113, "MSE": 0.014862210489809513, "_wandb": {"runtime": 86790}}