{"t_exec_epoch": 13.846799850463867, "train_loss": 0.019671924427033416, "valid_loss": 0.04639202123507857, "_timestamp": 1687963698.862477, "_runtime": 491.19533705711365, "_step": 29, "T_train": 452.00966715812683, "T_test": 0.8226864337921143, "MSE": 0.048207540065050125, "insights": {"test": {"mse": 0.048207540065050125, "mae": 0.17313680052757263, "variance": 0.01824944280087948, "min_ae": 0.0002282857894897461, "max_ae": 0.9184881448745728, "abs_diff_tensor": {"_type": "torch.Tensor", "var": 0.018231194466352463, "mean": 0.17313678562641144, "min": 0.0002282857894897461, "max": 0.9184881448745728, "10%": 0.03341067433357239, "25%": 0.06981805339455605, "75%": 0.24622780457139015, "90%": 0.34860239624977113, "size": 1000}}, "bins": {"0": {"mse": 0.05813641473650932, "mae": 0.190941721200943, "variance": 0.02185109443962574, "min_ae": 0.0038682222366333008, "max_ae": 0.6901301145553589, "abs_diff_tensor": {"_type": "torch.Tensor", "var": 0.021677671000361443, "mean": 0.1909417361021042, "min": 0.0038682222366333008, "max": 0.6901301145553589, "10%": 0.03915512189269066, "25%": 0.08124039880931377, "75%": 0.2630372419953346, "90%": 0.37704673409461975, "size": 126}}, "1": {"mse": 0.039663683623075485, "mae": 0.15888351202011108, "variance": 0.014507105574011803, "min_ae": 0.007417500019073486, "max_ae": 0.743184506893158, "abs_diff_tensor": {"_type": "torch.Tensor", "var": 0.014419713988900185, "mean": 0.15888352692127228, "min": 0.007417500019073486, "max": 0.743184506893158, "10%": 0.03877859190106392, "25%": 0.06460795179009438, "75%": 0.21690863743424416, "90%": 0.32092902064323425, "size": 166}}, "2": {"mse": 0.05215095728635788, "mae": 0.18168342113494873, "variance": 0.019295230507850647, "min_ae": 0.0002283155918121338, "max_ae": 0.6700900793075562, "abs_diff_tensor": {"_type": "torch.Tensor", "var": 0.019142093136906624, "mean": 0.18168339133262634, "min": 0.0002283155918121338, "max": 0.6700900793075562, "10%": 0.03300277888774872, "25%": 0.0601634718477726, "75%": 0.2669752389192581, "90%": 0.3544245660305023, "size": 126}}, "3": {"mse": 0.03938905522227287, "mae": 0.16107407212257385, "variance": 0.013562127016484737, "min_ae": 0.006972223520278931, "max_ae": 0.5873168706893921, "abs_diff_tensor": {"_type": "torch.Tensor", "var": 0.013444194570183754, "mean": 0.16107408702373505, "min": 0.006972223520278931, "max": 0.5873168706893921, "10%": 0.03537582755088806, "25%": 0.07476894557476044, "75%": 0.23686252534389496, "90%": 0.31837331652641304, "size": 115}}, "4": {"mse": 0.023902738466858864, "mae": 0.11521284282207489, "variance": 0.01077636145055294, "min_ae": 0.0017413496971130371, "max_ae": 0.4528942406177521, "abs_diff_tensor": {"_type": "torch.Tensor", "var": 0.01062874123454094, "mean": 0.1152128353714943, "min": 0.0017413496971130371, "max": 0.4528942406177521, "10%": 0.01556200385093689, "25%": 0.038425713777542114, "75%": 0.15511468052864075, "90%": 0.24586012959480283, "size": 73}}, "5": {"mse": 0.025148136541247368, "mae": 0.12819728255271912, "variance": 0.008878003805875778, "min_ae": 0.006528735160827637, "max_ae": 0.3677561283111572, "abs_diff_tensor": {"_type": "torch.Tensor", "var": 0.008713596500456333, "mean": 0.12819728255271912, "min": 0.006528735160827637, "max": 0.3677561283111572, "10%": 0.016388130187988282, "25%": 0.05378313362598419, "75%": 0.19066327810287476, "90%": 0.23892859518527987, "size": 54}}, "6": {"mse": 0.03351530432701111, "mae": 0.14599408209323883, "variance": 0.012431241571903229, "min_ae": 0.0029684901237487793, "max_ae": 0.49800604581832886, "abs_diff_tensor": {"_type": "torch.Tensor", "var": 0.012201030738651752, "mean": 0.14599408209323883, "min": 0.0029684901237487793, "max": 0.49800604581832886, "10%": 0.03932147026062012, "25%": 0.06110082566738129, "75%": 0.20274581015110016, "90%": 0.28939573466777807, "size": 54}}, "7": {"mse": 0.026547523215413094, "mae": 0.13022935390472412, "variance": 0.009715677239000797, "min_ae": 0.0011782646179199219, "max_ae": 0.43457478284835815, "abs_diff_tensor": {"_type": "torch.Tensor", "var": 0.009587839245796204, "mean": 0.13022935390472412, "min": 0.0011782646179199219, "max": 0.43457478284835815, "10%": 0.027736514806747437, "25%": 0.061137422919273376, "75%": 0.1710084229707718, "90%": 0.26358315348625183, "size": 76}}, "8": {"mse": 0.06421724706888199, "mae": 0.20235736668109894, "variance": 0.02348419278860092, "min_ae": 0.009023070335388184, "max_ae": 0.9184882044792175, "abs_diff_tensor": {"_type": "torch.Tensor", "var": 0.023268738761544228, "mean": 0.20235736668109894, "min": 0.009023070335388184, "max": 0.9184882044792175, "10%": 0.03965319395065308, "25%": 0.10694354772567749, "75%": 0.27696073055267334, "90%": 0.37276284694671635, "size": 109}}, "9": {"mse": 0.09175647050142288, "mae": 0.2585800886154175, "variance": 0.025141730904579163, "min_ae": 0.013212978839874268, "max_ae": 0.7171455025672913, "abs_diff_tensor": {"_type": "torch.Tensor", "var": 0.02489280514419079, "mean": 0.2585800886154175, "min": 0.013212978839874268, "max": 0.7171455025672913, "10%": 0.06753528118133545, "25%": 0.14963924884796143, "75%": 0.3385273218154907, "90%": 0.4683721363544464, "size": 101}}}}, "_wandb": {"runtime": 492}}