{"t_exec_epoch": 234.88120031356812, "train_loss": 0.008711644127964973, "valid_loss": 0.028058605916986737, "_timestamp": 1687804149.3742514, "_runtime": 11844.605868339539, "_step": 49, "T_train": 11756.926953077316, "T_test": 11.699122190475464, "MSE": 0.02730589173734188, "_wandb": {"runtime": 11857}}