{"t_exec_epoch": 12.843889951705933, "train_loss": 0.1185784182548523, "valid_loss": 0.11415835097432137, "_timestamp": 1687874842.2739084, "_runtime": 43.18268632888794, "_step": 1}