{"t_exec_epoch": 12.064087152481079, "train_loss": 0.02333447653504591, "valid_loss": 0.04745947755873203, "_timestamp": 1687964572.5051694, "_runtime": 561.6294014453888, "_step": 29, "T_train": 525.5024571418762, "T_test": 0.8243227005004883, "MSE": 0.048821158707141876, "insights": {"test": {"mse": 0.048821158707141876, "mae": 0.17388677597045898, "variance": 0.01860314980149269, "min_ae": 0.0003718137741088867, "max_ae": 0.933819591999054, "abs_diff_tensor": {"_type": "torch.Tensor", "var": 0.01858454942703247, "mean": 0.17388677597045898, "min": 0.0003718137741088867, "max": 0.933819591999054, "10%": 0.030110502243041994, "25%": 0.07156432420015335, "75%": 0.2497224658727646, "90%": 0.36086673736572267, "size": 1000}}, "bins": {"0": {"mse": 0.05832195654511452, "mae": 0.19168342649936676, "variance": 0.021752048283815384, "min_ae": 0.0030663013458251953, "max_ae": 0.6735110282897949, "abs_diff_tensor": {"_type": "torch.Tensor", "var": 0.02157941460609436, "mean": 0.19168345630168915, "min": 0.0030663013458251953, "max": 0.6735110282897949, "10%": 0.039856527000665665, "25%": 0.07400399632751942, "75%": 0.26040688157081604, "90%": 0.4126034080982208, "size": 126}}, "1": {"mse": 0.03498951718211174, "mae": 0.14487703144550323, "variance": 0.014085009694099426, "min_ae": 0.000968053936958313, "max_ae": 0.7243454456329346, "abs_diff_tensor": {"_type": "torch.Tensor", "var": 0.01400015875697136, "mean": 0.14487704634666443, "min": 0.000968053936958313, "max": 0.7243454456329346, "10%": 0.03307327628135681, "25%": 0.06184264086186886, "75%": 0.1813960075378418, "90%": 0.2948219031095505, "size": 166}}, "2": {"mse": 0.050402574241161346, "mae": 0.17556196451187134, "variance": 0.01973722130060196, "min_ae": 0.0029521584510803223, "max_ae": 0.6424759030342102, "abs_diff_tensor": {"_type": "torch.Tensor", "var": 0.019580572843551636, "mean": 0.17556194961071014, "min": 0.0029521584510803223, "max": 0.6424759030342102, "10%": 0.02581726759672165, "25%": 0.059193890541791916, "75%": 0.2713216096162796, "90%": 0.37158554792404175, "size": 126}}, "3": {"mse": 0.03841014206409454, "mae": 0.16002705693244934, "variance": 0.01291378028690815, "min_ae": 0.00037175416946411133, "max_ae": 0.5854685306549072, "abs_diff_tensor": {"_type": "torch.Tensor", "var": 0.012801485136151314, "mean": 0.16002707183361053, "min": 0.00037175416946411133, "max": 0.5854685306549072, "10%": 0.03022574782371521, "25%": 0.06703363358974457, "75%": 0.22819828987121582, "90%": 0.3139997065067292, "size": 115}}, "4": {"mse": 0.02195192687213421, "mae": 0.11492420732975006, "variance": 0.008865805342793465, "min_ae": 0.002626389265060425, "max_ae": 0.44481489062309265, "abs_diff_tensor": {"_type": "torch.Tensor", "var": 0.008744355291128159, "mean": 0.11492420732975006, "min": 0.002626389265060425, "max": 0.44481489062309265, "10%": 0.013833272457122804, "25%": 0.0529170036315918, "75%": 0.15506890416145325, "90%": 0.25243123173713666, "size": 73}}, "5": {"mse": 0.02213914692401886, "mae": 0.11193888634443283, "variance": 0.009790132753551006, "min_ae": 0.000418245792388916, "max_ae": 0.3609393239021301, "abs_diff_tensor": {"_type": "torch.Tensor", "var": 0.00960883405059576, "mean": 0.11193888634443283, "min": 0.000418245792388916, "max": 0.3609393239021301, "10%": 0.010319596529006958, "25%": 0.028117254376411438, "75%": 0.1450003832578659, "90%": 0.24668040871620178, "size": 54}}, "6": {"mse": 0.032899826765060425, "mae": 0.14194762706756592, "variance": 0.012991278432309628, "min_ae": 0.004410743713378906, "max_ae": 0.436154305934906, "abs_diff_tensor": {"_type": "torch.Tensor", "var": 0.012750701978802681, "mean": 0.14194762706756592, "min": 0.004410743713378906, "max": 0.436154305934906, "10%": 0.018540120124816897, "25%": 0.055390119552612305, "75%": 0.18092114478349686, "90%": 0.31857116818428055, "size": 54}}, "7": {"mse": 0.029036439955234528, "mae": 0.1393599808216095, "variance": 0.009743438102304935, "min_ae": 0.0010622739791870117, "max_ae": 0.5154023170471191, "abs_diff_tensor": {"_type": "torch.Tensor", "var": 0.009615235961973667, "mean": 0.1393599808216095, "min": 0.0010622739791870117, "max": 0.5154023170471191, "10%": 0.04294443130493164, "25%": 0.07648049294948578, "75%": 0.1765705943107605, "90%": 0.267303928732872, "size": 76}}, "8": {"mse": 0.07486721128225327, "mae": 0.22907379269599915, "variance": 0.022599752992391586, "min_ae": 0.0011977553367614746, "max_ae": 0.9338195323944092, "abs_diff_tensor": {"_type": "torch.Tensor", "var": 0.022392412647604942, "mean": 0.22907379269599915, "min": 0.0011977553367614746, "max": 0.9338195323944092, "10%": 0.06994104385375978, "25%": 0.1317639946937561, "75%": 0.3111329674720764, "90%": 0.393439394235611, "size": 109}}, "9": {"mse": 0.09855987876653671, "mae": 0.2722911834716797, "variance": 0.024661563336849213, "min_ae": 0.011126458644866943, "max_ae": 0.7084932327270508, "abs_diff_tensor": {"_type": "torch.Tensor", "var": 0.024417389184236526, "mean": 0.2722911536693573, "min": 0.011126458644866943, "max": 0.7084932327270508, "10%": 0.06691098213195801, "25%": 0.16883617639541626, "75%": 0.35815346240997314, "90%": 0.49795299768447876, "size": 101}}}}, "_wandb": {"runtime": 562}}