{"acc": 0.865777685328789, "loss": 0.10367118246811549, "_timestamp": 1687512883.0529659, "_runtime": 4.903029918670654, "_step": 7, "_wandb": {"runtime": 4}}