{"t_exec_epoch": 0.9266598224639893, "train_loss": 0.022146059732351984, "valid_loss": 0.09539860486984253, "_timestamp": 1687520322.4338953, "_runtime": 36.09048628807068, "_step": 30, "T_train": "28.855306386947632", "T_test": "0.06655097007751465", "MSE": "tensor(0.1184, device='cuda:0')", "_wandb": {"runtime": 35}}