{"t_exec_epoch": 55.01116967201233, "train_loss": 0.01542616169899702, "valid_loss": 0.0625109183602035, "_timestamp": 1687963005.6055946, "_runtime": 2458.324920654297, "_step": 49, "T_train": 2418.0724782943726, "T_test": 5.26245641708374, "MSE": 0.06033329293131828, "insights": {"test": {"mse": 0.06033329293131828, "mae": 0.1898420751094818, "variance": 0.024317601695656776, "min_ae": 0.00038874149322509766, "max_ae": 0.8728548884391785, "abs_diff_tensor": {"_type": "torch.Tensor", "var": 0.024293281137943268, "mean": 0.1898420751094818, "min": 0.00038874149322509766, "max": 0.8728548884391785, "10%": 0.027662079036235812, "25%": 0.06839551776647568, "75%": 0.2716321796178818, "90%": 0.3998691290616989, "size": 1000}}, "bins": {"0": {"mse": 0.05369947478175163, "mae": 0.17955534160137177, "variance": 0.0216310266405344, "min_ae": 0.0022375285625457764, "max_ae": 0.7980976700782776, "abs_diff_tensor": {"_type": "torch.Tensor", "var": 0.021459350362420082, "mean": 0.17955535650253296, "min": 0.0022375285625457764, "max": 0.7980976700782776, "10%": 0.026812171563506126, "25%": 0.06785102747380733, "75%": 0.24756579101085663, "90%": 0.3896983712911606, "size": 126}}, "1": {"mse": 0.0728675127029419, "mae": 0.21243427693843842, "variance": 0.027907302603125572, "min_ae": 0.001859426498413086, "max_ae": 0.76838618516922, "abs_diff_tensor": {"_type": "torch.Tensor", "var": 0.027739185839891434, "mean": 0.2124342918395996, "min": 0.001859426498413086, "max": 0.76838618516922, "10%": 0.037358131259679794, "25%": 0.08069168217480183, "75%": 0.30448663979768753, "90%": 0.4500938951969147, "size": 166}}, "2": {"mse": 0.08134560286998749, "mae": 0.23418231308460236, "variance": 0.026716269552707672, "min_ae": 0.009467825293540955, "max_ae": 0.6315566897392273, "abs_diff_tensor": {"_type": "torch.Tensor", "var": 0.026504240930080414, "mean": 0.23418232798576355, "min": 0.009467825293540955, "max": 0.6315566897392273, "10%": 0.04469119757413864, "25%": 0.08828933909535408, "75%": 0.3234422728419304, "90%": 0.4831762760877609, "size": 126}}, "3": {"mse": 0.051870930939912796, "mae": 0.17546886205673218, "variance": 0.02126653864979744, "min_ae": 0.0009032189846038818, "max_ae": 0.637321949005127, "abs_diff_tensor": {"_type": "torch.Tensor", "var": 0.021081609651446342, "mean": 0.17546884715557098, "min": 0.0009032189846038818, "max": 0.637321949005127, "10%": 0.018215131759643555, "25%": 0.054668352007865906, "75%": 0.24341030418872833, "90%": 0.35179991126060495, "size": 115}}, "4": {"mse": 0.037949834018945694, "mae": 0.14285597205162048, "variance": 0.01778564229607582, "min_ae": 0.001553654670715332, "max_ae": 0.5495282411575317, "abs_diff_tensor": {"_type": "torch.Tensor", "var": 0.017542002722620964, "mean": 0.14285597205162048, "min": 0.001553654670715332, "max": 0.5495282411575317, "10%": 0.035063517093658444, "25%": 0.054149329662323, "75%": 0.2000257670879364, "90%": 0.3618952333927154, "size": 73}}, "5": {"mse": 0.038111183792352676, "mae": 0.1550207883119583, "variance": 0.014345397241413593, "min_ae": 0.004755139350891113, "max_ae": 0.42158007621765137, "abs_diff_tensor": {"_type": "torch.Tensor", "var": 0.014079743064939976, "mean": 0.1550207883119583, "min": 0.004755139350891113, "max": 0.42158007621765137, "10%": 0.026015400886535645, "25%": 0.05691342055797577, "75%": 0.23092299699783325, "90%": 0.3392620384693147, "size": 54}}, "6": {"mse": 0.04509901627898216, "mae": 0.16263242065906525, "variance": 0.01900159940123558, "min_ae": 0.0006826519966125488, "max_ae": 0.7448806166648865, "abs_diff_tensor": {"_type": "torch.Tensor", "var": 0.018649717792868614, "mean": 0.16263239085674286, "min": 0.0006826519966125488, "max": 0.7448806166648865, "10%": 0.0178834080696106, "25%": 0.04974845051765442, "75%": 0.23797574639320374, "90%": 0.33068631291389466, "size": 54}}, "7": {"mse": 0.040681324899196625, "mae": 0.15748827159404755, "variance": 0.01609048806130886, "min_ae": 0.003390789031982422, "max_ae": 0.6281031966209412, "abs_diff_tensor": {"_type": "torch.Tensor", "var": 0.015878772363066673, "mean": 0.15748827159404755, "min": 0.003390789031982422, "max": 0.6281031966209412, "10%": 0.033122897148132324, "25%": 0.0750434398651123, "75%": 0.24114714562892914, "90%": 0.3339880108833313, "size": 76}}, "8": {"mse": 0.052478253841400146, "mae": 0.17156775295734406, "variance": 0.023256124928593636, "min_ae": 0.00338059663772583, "max_ae": 0.8082566261291504, "abs_diff_tensor": {"_type": "torch.Tensor", "var": 0.023042766377329826, "mean": 0.17156773805618286, "min": 0.00338059663772583, "max": 0.8082566261291504, "10%": 0.017204785346984865, "25%": 0.0512312650680542, "75%": 0.2405042052268982, "90%": 0.34944191575050354, "size": 109}}, "9": {"mse": 0.0908994972705841, "mae": 0.23778575658798218, "variance": 0.03470100834965706, "min_ae": 0.00038880109786987305, "max_ae": 0.8728548884391785, "abs_diff_tensor": {"_type": "torch.Tensor", "var": 0.03435743972659111, "mean": 0.23778575658798218, "min": 0.00038880109786987305, "max": 0.8728548884391785, "10%": 0.051321446895599365, "25%": 0.09118491411209106, "75%": 0.33084434270858765, "90%": 0.49638980627059937, "size": 101}}}}, "_wandb": {"runtime": 2468}}