{"t_exec_epoch": 0.9675524234771729, "train_loss": 0.03586100574050631, "valid_loss": 0.09905055910348892, "_timestamp": 1687520883.8709254, "_runtime": 36.648595333099365, "_step": 29, "MSE": 0.09715551137924194, "_wandb": {"runtime": 36}}