{"t_exec_epoch": 6.253340005874634, "train_loss": 0.047136602893708246, "valid_loss": 0.21205127611756325, "_timestamp": 1687960139.9723754, "_runtime": 73.58034634590149, "_step": 9, "_wandb": {"runtime": 77}}