{"t_exec_epoch": 9.10465669631958, "train_loss": 0.011837407186627388, "valid_loss": 0.05608047149144113, "_timestamp": 1687527394.6117475, "_runtime": 840.1250824928284, "_step": 99, "T_rain": 828.3889870643616, "T_test": 0.6347000598907471, "MSE": 0.05939259007573128, "_wandb": {"runtime": 839}}