{"t_exec_epoch": 0.984591007232666, "train_loss": 0.03750355275613921, "valid_loss": 0.1139519214630127, "_timestamp": 1687523711.9294364, "_runtime": 37.62787938117981, "_step": 29, "T_rain": 30.61536478996277, "T_test": 0.06913542747497559, "MSE": 0.11853760480880737, "_wandb": {"runtime": 37}}