{"t_exec_epoch": 23.048086404800415, "train_loss": 0.007679144114255905, "valid_loss": 0.05573839810676873, "_timestamp": 1687532476.3214417, "_runtime": 2232.1204216480255, "_step": 99, "T_train": 2220.617896080017, "T_test": 1.2272439002990723, "MSE": 0.059725794941186905, "_wandb": {"runtime": 2232}}