{"t_exec_epoch": 22.19113278388977, "train_loss": 0.025967701949179172, "valid_loss": 0.2348224213346839, "_timestamp": 1687791077.2755358, "_runtime": 1621.1236808300018, "_step": 49, "T_train": 1586.8441832065582, "T_test": 1.23298978805542, "MSE": 0.23840849101543427, "_wandb": {"runtime": 1622}}