{"t_exec_epoch": 29.43766689300537, "train_loss": 0.04401283971373997, "valid_loss": 0.07408310286700726, "_timestamp": 1687950472.7980554, "_runtime": 942.2653594017029, "_step": 29, "T_train": 897.4529116153717, "T_test": 1.3035802841186523, "MSE": 0.07606620341539383, "insights": {"mse": 0.07606620341539383, "mae": 0.210485577583313, "variance": 0.03179381415247917, "min_ae": 0.00038358569145202637, "max_ae": 1.022700309753418, "abs_diff_tensor": {"_type": "torch.Tensor", "var": 0.0317620187997818, "mean": 0.2104855626821518, "min": 0.00038358569145202637, "max": 1.022700309753418, "10%": 0.031951228529214865, "25%": 0.07824401371181011, "75%": 0.2953261137008667, "90%": 0.4814721286296845, "size": 1000}}, "_wandb": {"runtime": 943}}