{"t_exec_epoch": 13.2771737575531, "train_loss": 0.11523185688257218, "valid_loss": 0.12431817408651114, "_timestamp": 1687877600.0796502, "_runtime": 44.19689106941223, "_step": 1, "T_train": 27.572041749954224, "T_test": 1.1127426624298096, "MSE": 0.1341850608587265, "insights": {"mse": 0.1341850608587265, "mae": 0.28450876474380493, "variance": 0.053293123841285706, "min_ae": 0.00016540288925170898, "max_ae": 0.9362756013870239, "abs_diff_tensor": {"_type": "torch.Tensor", "var": 0.05323982983827591, "mean": 0.28450873494148254, "min": 0.00016540288925170898, "max": 0.9362756013870239, "10%": 0.035757827758789065, "25%": 0.09124301001429558, "75%": 0.44478166848421097, "90%": 0.6531454861164093, "size": 1000}}, "_wandb": {"runtime": 44}}