{"t_exec_epoch": 22.18494200706482, "train_loss": 0.018400992438197136, "valid_loss": 0.061701198341324925, "_timestamp": 1687785620.2968931, "_runtime": 647.1366341114044, "_step": 29, "T_train": 633.5729274749756, "T_test": 1.229959487915039, "MSE": 0.0621255524456501, "_wandb": {"runtime": 647}}