{"t_exec_epoch": 185.22015023231506, "train_loss": 0.004551255614683032, "valid_loss": 0.029527935824250874, "_timestamp": 1687899255.7186892, "_runtime": 18498.800725221634, "_step": 99, "T_train": 18447.483030557632, "T_test": 9.339041233062744, "MSE": 0.029134666547179222, "insights": {"mse": 0.029134666547179222, "mae": 0.11199101060628891, "variance": 0.016594337299466133, "min_ae": 2.682209014892578e-06, "max_ae": 1.1454746723175049, "abs_diff_tensor": {"_type": "torch.Tensor", "var": 0.016592679545283318, "mean": 0.1119910180568695, "min": 2.682209014892578e-06, "max": 1.1454746723175049, "10%": 0.00952361524105072, "25%": 0.026488061994314194, "75%": 0.15029284730553627, "90%": 0.2727067917585374, "size": 10000}}, "_wandb": {"runtime": 18509}}