{"t_exec_epoch": 58.60326147079468, "train_loss": 0.023599041372537613, "valid_loss": 0.10525340307503939, "_timestamp": 1687790278.9127338, "_runtime": 1476.2231187820435, "_step": 49, "T_train": 1462.7925102710724, "T_test": 2.130729913711548, "MSE": 0.10955412685871124, "_wandb": {"runtime": 1478}}