{"t_exec_epoch": 22.021867036819458, "train_loss": 0.045126227870583534, "valid_loss": 0.0805219563189894, "_timestamp": 1687779692.727301, "_runtime": 367.6761088371277, "_step": 29, "T_train": 354.1636073589325, "T_test": 1.2336351871490479, "MSE": 0.08072973787784576, "_wandb": {"runtime": 368}}