{"t_exec_epoch": 235.87410616874695, "train_loss": 0.015081974271684884, "valid_loss": 0.0302054925550577, "_timestamp": 1687820327.3510342, "_runtime": 11619.236596107483, "_step": 49, "T_train": 11567.281982421875, "T_test": 11.927286148071289, "MSE": 0.029430169612169266, "_wandb": {"runtime": 11632}}