{"t_exec_epoch": 22.84431266784668, "train_loss": 0.011211644444200728, "valid_loss": 0.0540307080373168, "_timestamp": 1687959925.772118, "_runtime": 1326.507961988449, "_step": 49, "T_train": 1283.68137550354, "T_test": 1.0965499877929688, "MSE": 0.05290388688445091, "insights": {"test": {"mse": 0.05290388688445091, "mae": 0.1771044284105301, "variance": 0.021559467539191246, "min_ae": 1.7292797565460205e-05, "max_ae": 0.9155298471450806, "abs_diff_tensor": {"_type": "torch.Tensor", "var": 0.021537911146879196, "mean": 0.1771044284105301, "min": 1.7292797565460205e-05, "max": 0.9155298471450806, "10%": 0.02547919750213623, "25%": 0.06505468487739563, "75%": 0.24374093860387802, "90%": 0.38262143135070803, "size": 1000}}, "bins": {"0": {"mse": 0.045625388622283936, "mae": 0.1610850691795349, "variance": 0.019834406673908234, "min_ae": 1.730024814605713e-05, "max_ae": 0.7705694437026978, "abs_diff_tensor": {"_type": "torch.Tensor", "var": 0.019676990807056427, "mean": 0.16108505427837372, "min": 1.730024814605713e-05, "max": 0.7705694437026978, "10%": 0.01443234458565712, "25%": 0.059209782630205154, "75%": 0.21898740530014038, "90%": 0.3355186879634857, "size": 126}}, "1": {"mse": 0.04137547314167023, "mae": 0.15688171982765198, "variance": 0.016865199431777, "min_ae": 0.00047472119331359863, "max_ae": 0.7015318274497986, "abs_diff_tensor": {"_type": "torch.Tensor", "var": 0.016763601452112198, "mean": 0.15688170492649078, "min": 0.00047472119331359863, "max": 0.7015318274497986, "10%": 0.025222323834896088, "25%": 0.061386872082948685, "75%": 0.20925584807991982, "90%": 0.3440820276737213, "size": 166}}, "2": {"mse": 0.04951125383377075, "mae": 0.17950324714183807, "variance": 0.01742815412580967, "min_ae": 0.005507469177246094, "max_ae": 0.5636125802993774, "abs_diff_tensor": {"_type": "torch.Tensor", "var": 0.017289839684963226, "mean": 0.17950326204299927, "min": 0.005507469177246094, "max": 0.5636125802993774, "10%": 0.03396832197904587, "25%": 0.07177000865340233, "75%": 0.25806259363889694, "90%": 0.3453962057828903, "size": 126}}, "3": {"mse": 0.03947783261537552, "mae": 0.149439737200737, "variance": 0.017295995727181435, "min_ae": 0.0006458461284637451, "max_ae": 0.5923135280609131, "abs_diff_tensor": {"_type": "torch.Tensor", "var": 0.01714559830725193, "mean": 0.149439737200737, "min": 0.0006458461284637451, "max": 0.5923135280609131, "10%": 0.015203434228897096, "25%": 0.04979550838470459, "75%": 0.21320544183254242, "90%": 0.30744339823722844, "size": 115}}, "4": {"mse": 0.03324592113494873, "mae": 0.14182399213314056, "variance": 0.01331426203250885, "min_ae": 0.00017133355140686035, "max_ae": 0.4800335466861725, "abs_diff_tensor": {"_type": "torch.Tensor", "var": 0.013131873682141304, "mean": 0.14182399213314056, "min": 0.00017133355140686035, "max": 0.4800335466861725, "10%": 0.03782623410224915, "25%": 0.0626194179058075, "75%": 0.17364302277565002, "90%": 0.28943775296211244, "size": 73}}, "5": {"mse": 0.026329567655920982, "mae": 0.12631343305110931, "variance": 0.010570227168500423, "min_ae": 0.00928640365600586, "max_ae": 0.4301707148551941, "abs_diff_tensor": {"_type": "torch.Tensor", "var": 0.010374484583735466, "mean": 0.12631343305110931, "min": 0.00928640365600586, "max": 0.4301707148551941, "10%": 0.02784915268421173, "25%": 0.042742207646369934, "75%": 0.1790599226951599, "90%": 0.2638602048158646, "size": 54}}, "6": {"mse": 0.05094406381249428, "mae": 0.1702195256948471, "variance": 0.02238389290869236, "min_ae": 0.0032157301902770996, "max_ae": 0.7745316028594971, "abs_diff_tensor": {"_type": "torch.Tensor", "var": 0.021969376131892204, "mean": 0.1702195107936859, "min": 0.0032157301902770996, "max": 0.7745316028594971, "10%": 0.019222986698150635, "25%": 0.05123293399810791, "75%": 0.22164876759052277, "90%": 0.34408126473426826, "size": 54}}, "7": {"mse": 0.04301781952381134, "mae": 0.16390350461006165, "variance": 0.016368838027119637, "min_ae": 0.0029352307319641113, "max_ae": 0.5796061158180237, "abs_diff_tensor": {"_type": "torch.Tensor", "var": 0.01615346036851406, "mean": 0.16390350461006165, "min": 0.0029352307319641113, "max": 0.5796061158180237, "10%": 0.026211142539978027, "25%": 0.07014448940753937, "75%": 0.21105928719043732, "90%": 0.33971671760082245, "size": 76}}, "8": {"mse": 0.07436645030975342, "mae": 0.21393419802188873, "variance": 0.028863409534096718, "min_ae": 0.0006946921348571777, "max_ae": 0.8935909271240234, "abs_diff_tensor": {"_type": "torch.Tensor", "var": 0.028598608449101448, "mean": 0.21393421292304993, "min": 0.0006946921348571777, "max": 0.8935909271240234, "10%": 0.03113069534301758, "25%": 0.07286286354064941, "75%": 0.3199538588523865, "90%": 0.43787687420845034, "size": 109}}, "9": {"mse": 0.1141916960477829, "mae": 0.28535574674606323, "variance": 0.03309144079685211, "min_ae": 0.009293019771575928, "max_ae": 0.9155297875404358, "abs_diff_tensor": {"_type": "torch.Tensor", "var": 0.032763801515102386, "mean": 0.28535571694374084, "min": 0.009293019771575928, "max": 0.9155297875404358, "10%": 0.07261335849761963, "25%": 0.1433519721031189, "75%": 0.418456494808197, "90%": 0.5019035339355469, "size": 101}}}}, "_wandb": {"runtime": 1328}}