{"t_exec_epoch": 15.052884578704834, "train_loss": 0.034904793023117005, "valid_loss": 0.0673848232254386, "_timestamp": 1687957070.0420463, "_runtime": 465.774774312973, "_step": 29, "T_train": 453.9601500034332, "T_test": 1.0200977325439453, "MSE": 0.06711863726377487, "insights": {"test": {"mse": 0.06711863726377487, "mae": 0.18945063650608063, "variance": 0.03125836327672005, "min_ae": 0.00027257949113845825, "max_ae": 0.9203298091888428, "abs_diff_tensor": {"_type": "torch.Tensor", "var": 0.031227104365825653, "mean": 0.18945062160491943, "min": 0.00027257949113845825, "max": 0.9203298091888428, "10%": 0.02549678087234497, "25%": 0.058915408328175545, "75%": 0.2670079618692398, "90%": 0.45717767179012303, "size": 1000}}, "bins": {"0": {"mse": 0.09837084263563156, "mae": 0.23064081370830536, "variance": 0.045537061989307404, "min_ae": 0.00027257949113845825, "max_ae": 0.9148520827293396, "abs_diff_tensor": {"_type": "torch.Tensor", "var": 0.04517566040158272, "mean": 0.23064078390598297, "min": 0.00027257949113845825, "max": 0.9148520827293396, "10%": 0.017684604972600937, "25%": 0.06357099860906601, "75%": 0.34801135212183, "90%": 0.5443246066570282, "size": 126}}, "1": {"mse": 0.05630047246813774, "mae": 0.1675271987915039, "variance": 0.028406230732798576, "min_ae": 0.00048573315143585205, "max_ae": 0.7933093309402466, "abs_diff_tensor": {"_type": "torch.Tensor", "var": 0.028235113248229027, "mean": 0.1675272136926651, "min": 0.00048573315143585205, "max": 0.7933093309402466, "10%": 0.02224709466099739, "25%": 0.0481897909194231, "75%": 0.24500468373298645, "90%": 0.38662536442279816, "size": 166}}, "2": {"mse": 0.09966905415058136, "mae": 0.23534993827342987, "variance": 0.04463369771838188, "min_ae": 0.002432301640510559, "max_ae": 0.7241989374160767, "abs_diff_tensor": {"_type": "torch.Tensor", "var": 0.04427944868803024, "mean": 0.23534993827342987, "min": 0.002432301640510559, "max": 0.7241989374160767, "10%": 0.025725573301315308, "25%": 0.05908041447401047, "75%": 0.38813968002796173, "90%": 0.5624935328960419, "size": 126}}, "3": {"mse": 0.06222052127122879, "mae": 0.18427813053131104, "variance": 0.028509998694062233, "min_ae": 0.0007743537425994873, "max_ae": 0.6507185697555542, "abs_diff_tensor": {"_type": "torch.Tensor", "var": 0.02826208621263504, "mean": 0.18427816033363342, "min": 0.0007743537425994873, "max": 0.6507185697555542, "10%": 0.02600811719894409, "25%": 0.05492161214351654, "75%": 0.24443073570728302, "90%": 0.4435308754444123, "size": 115}}, "4": {"mse": 0.0438724011182785, "mae": 0.15507514774799347, "variance": 0.02009943127632141, "min_ae": 0.0003032982349395752, "max_ae": 0.5817763805389404, "abs_diff_tensor": {"_type": "torch.Tensor", "var": 0.01982410065829754, "mean": 0.15507514774799347, "min": 0.0003032982349395752, "max": 0.5817763805389404, "10%": 0.008691293001174927, "25%": 0.05974045395851135, "75%": 0.21211037039756775, "90%": 0.35518980622291557, "size": 73}}, "5": {"mse": 0.027425894513726234, "mae": 0.12383221834897995, "variance": 0.012319616973400116, "min_ae": 0.00635981559753418, "max_ae": 0.4893060326576233, "abs_diff_tensor": {"_type": "torch.Tensor", "var": 0.01209147460758686, "mean": 0.12383222579956055, "min": 0.00635981559753418, "max": 0.4893060326576233, "10%": 0.0194229006767273, "25%": 0.04540272057056427, "75%": 0.19896331429481506, "90%": 0.26942189633846286, "size": 54}}, "6": {"mse": 0.05173506960272789, "mae": 0.19088254868984222, "variance": 0.015587588772177696, "min_ae": 0.004089295864105225, "max_ae": 0.49876677989959717, "abs_diff_tensor": {"_type": "torch.Tensor", "var": 0.015298930928111076, "mean": 0.19088250398635864, "min": 0.004089295864105225, "max": 0.49876677989959717, "10%": 0.03672446012496949, "25%": 0.0921529084444046, "75%": 0.27289459109306335, "90%": 0.35344558954238897, "size": 54}}, "7": {"mse": 0.05377482250332832, "mae": 0.1786734014749527, "variance": 0.02214198373258114, "min_ae": 0.0075604915618896484, "max_ae": 0.6761453151702881, "abs_diff_tensor": {"_type": "torch.Tensor", "var": 0.021850643679499626, "mean": 0.1786734014749527, "min": 0.0075604915618896484, "max": 0.6761453151702881, "10%": 0.03782963752746582, "25%": 0.06176489591598511, "75%": 0.22401022911071777, "90%": 0.31121768057346344, "size": 76}}, "8": {"mse": 0.055277831852436066, "mae": 0.17759370803833008, "variance": 0.023958101868629456, "min_ae": 0.00042897462844848633, "max_ae": 0.8638010621070862, "abs_diff_tensor": {"_type": "torch.Tensor", "var": 0.023738300427794456, "mean": 0.17759373784065247, "min": 0.00042897462844848633, "max": 0.8638010621070862, "10%": 0.027095437049865723, "25%": 0.07829886674880981, "75%": 0.23328232765197754, "90%": 0.3531758189201355, "size": 109}}, "9": {"mse": 0.0799488052725792, "mae": 0.2027951180934906, "variance": 0.03921115770936012, "min_ae": 0.007735610008239746, "max_ae": 0.9203298091888428, "abs_diff_tensor": {"_type": "torch.Tensor", "var": 0.03882293403148651, "mean": 0.202795147895813, "min": 0.007735610008239746, "max": 0.9203298091888428, "10%": 0.028029143810272217, "25%": 0.05608487129211426, "75%": 0.2889309525489807, "90%": 0.46813058853149414, "size": 101}}}}, "_wandb": {"runtime": 466}}