{"t_exec_epoch": 0.8971672058105469, "train_loss": 0.02681806869804859, "valid_loss": 0.0834459662437439, "_timestamp": 1687521074.2430089, "_runtime": 36.00125980377197, "_step": 29, "T_rain": 28.739437580108643, "T_test": 0.0651252269744873, "MSE": 0.11282873153686523, "_wandb": {"runtime": 35}}