{"t_exec_epoch": 22.022310495376587, "train_loss": 0.03469027589261532, "valid_loss": 0.06909218640066683, "_timestamp": 1687783464.9651682, "_runtime": 654.6956822872162, "_step": 29, "T_train": 641.0615713596344, "T_test": 1.2322022914886475, "MSE": 0.07224622368812561, "_wandb": {"runtime": 655}}