{"t_exec_epoch": 8.037361860275269, "train_loss": 0.04638322052359581, "valid_loss": 0.13583585852757096, "_timestamp": 1687525322.1790562, "_runtime": 257.609628200531, "_step": 29, "T_rain": 246.36248135566711, "T_test": 0.6354026794433594, "MSE": 0.1386243849992752, "_wandb": {"runtime": 256}}