{"t_exec_epoch": 8.279361248016357, "train_loss": 0.11181250119966174, "valid_loss": 0.07674212474375963, "_timestamp": 1687955651.9244626, "_runtime": 25.670628547668457, "_step": 0}