{"t_exec_epoch": 13.514506340026855, "train_loss": 0.04291797354817391, "valid_loss": 0.07197015825659037, "_timestamp": 1687873604.3060174, "_runtime": 409.1856904029846, "_step": 29}