{"t_exec_epoch": 39.97839593887329, "train_loss": 0.023475634895028578, "valid_loss": 0.05409085564315319, "_timestamp": 1687964272.3266826, "_runtime": 511.4810094833374, "_step": 29, "T_train": 498.00397992134094, "T_test": 3.5803256034851074, "MSE": 0.05392703786492348, "insights": {"test": {"mse": 0.05392703786492348, "mae": 0.18108373880386353, "variance": 0.021156877279281616, "min_ae": 0.0006973743438720703, "max_ae": 1.005171775817871, "abs_diff_tensor": {"_type": "torch.Tensor", "var": 0.021135719493031502, "mean": 0.18108372390270233, "min": 0.0006973743438720703, "max": 1.005171775817871, "10%": 0.028952419757843018, "25%": 0.06873753666877747, "75%": 0.25749262422323227, "90%": 0.3755673944950104, "size": 1000}}, "bins": {"0": {"mse": 0.06324391067028046, "mae": 0.2003902941942215, "variance": 0.023272335529327393, "min_ae": 0.0032922588288784027, "max_ae": 0.6633794903755188, "abs_diff_tensor": {"_type": "torch.Tensor", "var": 0.0230876374989748, "mean": 0.2003902941942215, "min": 0.0032922588288784027, "max": 0.6633794903755188, "10%": 0.035384828224778175, "25%": 0.08390602096915245, "75%": 0.28557487577199936, "90%": 0.4113132506608963, "size": 126}}, "1": {"mse": 0.0532355010509491, "mae": 0.17796359956264496, "variance": 0.021695144474506378, "min_ae": 0.0011074692010879517, "max_ae": 0.7571680545806885, "abs_diff_tensor": {"_type": "torch.Tensor", "var": 0.021564451977610588, "mean": 0.17796362936496735, "min": 0.0011074692010879517, "max": 0.7571680545806885, "10%": 0.029543563723564148, "25%": 0.06798598170280457, "75%": 0.25600985437631607, "90%": 0.41102415323257446, "size": 166}}, "2": {"mse": 0.0644480437040329, "mae": 0.20965345203876495, "variance": 0.020657416433095932, "min_ae": 0.0015155375003814697, "max_ae": 0.6848300099372864, "abs_diff_tensor": {"_type": "torch.Tensor", "var": 0.02049347013235092, "mean": 0.20965345203876495, "min": 0.0015155375003814697, "max": 0.6848300099372864, "10%": 0.0425417497754097, "25%": 0.10082058608531952, "75%": 0.32642270624637604, "90%": 0.4085322469472885, "size": 126}}, "3": {"mse": 0.039685893803834915, "mae": 0.15672259032726288, "variance": 0.015256593003869057, "min_ae": 0.00115966796875, "max_ae": 0.5884150266647339, "abs_diff_tensor": {"_type": "torch.Tensor", "var": 0.015123926103115082, "mean": 0.15672260522842407, "min": 0.00115966796875, "max": 0.5884150266647339, "10%": 0.029444020986557008, "25%": 0.058034151792526245, "75%": 0.22697042673826218, "90%": 0.3184765875339508, "size": 115}}, "4": {"mse": 0.02739439532160759, "mae": 0.12312795221805573, "variance": 0.012403816916048527, "min_ae": 0.0039882659912109375, "max_ae": 0.496339350938797, "abs_diff_tensor": {"_type": "torch.Tensor", "var": 0.012233901768922806, "mean": 0.12312795221805573, "min": 0.0039882659912109375, "max": 0.496339350938797, "10%": 0.02130071520805359, "25%": 0.046178609132766724, "75%": 0.17227163910865784, "90%": 0.2431350290775299, "size": 73}}, "5": {"mse": 0.028988873586058617, "mae": 0.1374346762895584, "variance": 0.010291162878274918, "min_ae": 0.005161762237548828, "max_ae": 0.40051305294036865, "abs_diff_tensor": {"_type": "torch.Tensor", "var": 0.010100586339831352, "mean": 0.1374346762895584, "min": 0.005161762237548828, "max": 0.40051305294036865, "10%": 0.025461256504058838, "25%": 0.05362445116043091, "75%": 0.18713919818401337, "90%": 0.25878161787986753, "size": 54}}, "6": {"mse": 0.03242864832282066, "mae": 0.14344771206378937, "variance": 0.012075010687112808, "min_ae": 0.00324326753616333, "max_ae": 0.4353264570236206, "abs_diff_tensor": {"_type": "torch.Tensor", "var": 0.011851399205625057, "mean": 0.14344769716262817, "min": 0.00324326753616333, "max": 0.4353264570236206, "10%": 0.0173859179019928, "25%": 0.053118303418159485, "75%": 0.19961103796958923, "90%": 0.30257404744625094, "size": 54}}, "7": {"mse": 0.031065884977579117, "mae": 0.13928501307964325, "variance": 0.011821113526821136, "min_ae": 0.004098117351531982, "max_ae": 0.5066072344779968, "abs_diff_tensor": {"_type": "torch.Tensor", "var": 0.011665573343634605, "mean": 0.13928499817848206, "min": 0.004098117351531982, "max": 0.5066072344779968, "10%": 0.02342364192008972, "25%": 0.05975234508514404, "75%": 0.18896213173866272, "90%": 0.2625833749771118, "size": 76}}, "8": {"mse": 0.0678044930100441, "mae": 0.20178918540477753, "variance": 0.027336418628692627, "min_ae": 0.0006973743438720703, "max_ae": 1.005171775817871, "abs_diff_tensor": {"_type": "torch.Tensor", "var": 0.027085622772574425, "mean": 0.20178915560245514, "min": 0.0006973743438720703, "max": 1.005171775817871, "10%": 0.026861536502838138, "25%": 0.07663720846176147, "75%": 0.27061355113983154, "90%": 0.36906219124794004, "size": 109}}, "9": {"mse": 0.0927608385682106, "mae": 0.248678058385849, "variance": 0.03122926875948906, "min_ae": 0.002583801746368408, "max_ae": 0.7258848547935486, "abs_diff_tensor": {"_type": "torch.Tensor", "var": 0.030920062214136124, "mean": 0.2486780732870102, "min": 0.002583801746368408, "max": 0.7258848547935486, "10%": 0.0538293719291687, "25%": 0.09960603713989258, "75%": 0.345777690410614, "90%": 0.5234284400939941, "size": 101}}}}, "_wandb": {"runtime": 517}}