{"t_exec_epoch": 12.217065572738647, "train_loss": 0.046498344649398136, "valid_loss": 0.08260296750813723, "_timestamp": 1687525653.9245496, "_runtime": 323.4649746417999, "_step": 29, "T_rain": 312.4597342014313, "T_test": 0.7763340473175049, "MSE": 0.07113931328058243, "_wandb": {"runtime": 322}}