{"t_exec_epoch": 0.9066863059997559, "train_loss": 0.029852629506162236, "valid_loss": 0.0955699160695076, "_timestamp": 1687519565.0397882, "_runtime": 36.364126205444336, "_step": 29, "MSE": 0.10076013207435608, "_wandb": {"runtime": 35}}