{"t_exec_epoch": 4.987448215484619, "train_loss": 0.1228267013553589, "valid_loss": 0.08965534437447786, "_timestamp": 1687955174.4657035, "_runtime": 19.141050577163696, "_step": 0, "T_train": 5.0053465366363525, "T_test": 0.41193222999572754, "MSE": 0.08657780289649963, "insights": {"test": {"mse": 0.08657780289649963, "mae": 0.24384178221225739, "variance": 0.02714613266289234, "min_ae": 0.0005849599838256836, "max_ae": 0.8187422752380371, "abs_diff_tensor": {"_type": "torch.Tensor", "var": 0.0271189883351326, "mean": 0.2438417673110962, "min": 0.0005849599838256836, "max": 0.8187422752380371, "10%": 0.04248906672000885, "25%": 0.10831275582313538, "75%": 0.35122599452733994, "90%": 0.4773377150297165, "size": 1000}}, "bins": {"0": {"mse": 0.08657779544591904, "mae": 0.24384178221225739, "variance": 0.02714613266289234, "min_ae": 0.0005849599838256836, "max_ae": 0.8187422752380371, "abs_diff_tensor": {"_type": "torch.Tensor", "var": 0.0271189883351326, "mean": 0.2438417673110962, "min": 0.0005849599838256836, "max": 0.8187422752380371, "10%": 0.042489093542098996, "25%": 0.10831276327371597, "75%": 0.3512260541319847, "90%": 0.4773377150297165, "size": 1000}}, "1": {"mse": 0.08657780289649963, "mae": 0.24384178221225739, "variance": 0.02714613266289234, "min_ae": 0.0005849599838256836, "max_ae": 0.8187422752380371, "abs_diff_tensor": {"_type": "torch.Tensor", "var": 0.0271189883351326, "mean": 0.2438417673110962, "min": 0.0005849599838256836, "max": 0.8187422752380371, "10%": 0.042489081621170044, "25%": 0.10831275582313538, "75%": 0.35122600942850113, "90%": 0.4773377120494843, "size": 1000}}, "2": {"mse": 0.08657780289649963, "mae": 0.24384178221225739, "variance": 0.02714613266289234, "min_ae": 0.000585019588470459, "max_ae": 0.8187423348426819, "abs_diff_tensor": {"_type": "torch.Tensor", "var": 0.0271189883351326, "mean": 0.2438417673110962, "min": 0.000585019588470459, "max": 0.8187423348426819, "10%": 0.04248906672000885, "25%": 0.10831273347139359, "75%": 0.3512260392308235, "90%": 0.47733776867389677, "size": 1000}}, "3": {"mse": 0.08657780289649963, "mae": 0.24384178221225739, "variance": 0.02714613452553749, "min_ae": 0.0005849599838256836, "max_ae": 0.8187422752380371, "abs_diff_tensor": {"_type": "torch.Tensor", "var": 0.027118990197777748, "mean": 0.2438417673110962, "min": 0.0005849599838256836, "max": 0.8187422752380371, "10%": 0.042489081621170044, "25%": 0.10831275582313538, "75%": 0.3512260690331459, "90%": 0.47733776867389677, "size": 1000}}, "4": {"mse": 0.08657780289649963, "mae": 0.24384178221225739, "variance": 0.02714613266289234, "min_ae": 0.0005849599838256836, "max_ae": 0.8187422752380371, "abs_diff_tensor": {"_type": "torch.Tensor", "var": 0.0271189883351326, "mean": 0.2438417673110962, "min": 0.0005849599838256836, "max": 0.8187422752380371, "10%": 0.04248913526535034, "25%": 0.10831276327371597, "75%": 0.35122599452733994, "90%": 0.4773377120494843, "size": 1000}}, "5": {"mse": 0.08657780289649963, "mae": 0.24384178221225739, "variance": 0.02714613266289234, "min_ae": 0.000585019588470459, "max_ae": 0.8187422752380371, "abs_diff_tensor": {"_type": "torch.Tensor", "var": 0.0271189883351326, "mean": 0.2438417673110962, "min": 0.000585019588470459, "max": 0.8187422752380371, "10%": 0.042489093542098996, "25%": 0.10831271857023239, "75%": 0.3512260541319847, "90%": 0.4773378252983093, "size": 1000}}, "6": {"mse": 0.08657780289649963, "mae": 0.24384178221225739, "variance": 0.02714613452553749, "min_ae": 0.0005849599838256836, "max_ae": 0.8187423348426819, "abs_diff_tensor": {"_type": "torch.Tensor", "var": 0.0271189883351326, "mean": 0.2438417673110962, "min": 0.0005849599838256836, "max": 0.8187423348426819, "10%": 0.04248908758163452, "25%": 0.10831273347139359, "75%": 0.3512260168790817, "90%": 0.4773378252983093, "size": 1000}}, "7": {"mse": 0.08657780289649963, "mae": 0.24384178221225739, "variance": 0.02714613266289234, "min_ae": 0.0005849599838256836, "max_ae": 0.8187422752380371, "abs_diff_tensor": {"_type": "torch.Tensor", "var": 0.0271189883351326, "mean": 0.2438417673110962, "min": 0.0005849599838256836, "max": 0.8187422752380371, "10%": 0.042489093542098996, "25%": 0.10831278562545776, "75%": 0.35122599452733994, "90%": 0.4773377150297165, "size": 1000}}, "8": {"mse": 0.08657779544591904, "mae": 0.24384178221225739, "variance": 0.02714613452553749, "min_ae": 0.000585019588470459, "max_ae": 0.8187422752380371, "abs_diff_tensor": {"_type": "torch.Tensor", "var": 0.0271189883351326, "mean": 0.2438417673110962, "min": 0.000585019588470459, "max": 0.8187422752380371, "10%": 0.042489039897918704, "25%": 0.10831280052661896, "75%": 0.35122598707675934, "90%": 0.4773378252983093, "size": 1000}}, "9": {"mse": 0.08657780289649963, "mae": 0.24384178221225739, "variance": 0.02714613266289234, "min_ae": 0.000585019588470459, "max_ae": 0.8187422752380371, "abs_diff_tensor": {"_type": "torch.Tensor", "var": 0.0271189883351326, "mean": 0.2438417673110962, "min": 0.000585019588470459, "max": 0.8187422752380371, "10%": 0.042489093542098996, "25%": 0.10831275582313538, "75%": 0.3512260392308235, "90%": 0.4773377150297165, "size": 1000}}}}, "_wandb": {"runtime": 23}}