{"t_exec_epoch": 0.8127868175506592, "train_loss": 0.08792341615145023, "valid_loss": 0.11629312485456467, "_timestamp": 1687524458.5153985, "_runtime": 13.671501398086548, "_step": 6, "_wandb": {"runtime": 13}}