{"t_exec_epoch": 7.95383882522583, "train_loss": 0.03948797182738781, "valid_loss": 0.06317944591864944, "_timestamp": 1687860249.1795282, "_runtime": 414.00181317329407, "_step": 49, "T_train": 400.28022027015686, "T_test": 0.6301593780517578, "MSE": 0.06382443010807037, "_wandb": {"runtime": 414}}