{"t_exec_epoch": 7.452686548233032, "train_loss": 0.02669926756431186, "valid_loss": 0.06850751163437963, "_timestamp": 1687955028.661432, "_runtime": 246.24039602279663, "_step": 29, "T_train": 228.75988841056824, "T_test": 0.7485203742980957, "MSE": 0.061871156096458435}