{"t_exec_epoch": 17.438221216201782, "train_loss": 0.0059789276075741605, "valid_loss": 0.057058433536440134, "_timestamp": 1687957985.987474, "_runtime": 642.3309650421143, "_step": 49, "T_train": 628.804518699646, "T_test": 1.096034049987793, "MSE": 0.05785617232322693, "insights": {"test": {"mse": 0.05785617232322693, "mae": 0.1905405968427658, "variance": 0.02157202549278736, "min_ae": 0.00032820552587509155, "max_ae": 0.8425700664520264, "abs_diff_tensor": {"_type": "torch.Tensor", "var": 0.021550454199314117, "mean": 0.19054058194160461, "min": 0.00032820552587509155, "max": 0.8425700664520264, "10%": 0.031207077950239182, "25%": 0.07317444682121277, "75%": 0.28271470963954926, "90%": 0.39669698774814605, "size": 1000}}, "bins": {"0": {"mse": 0.07704728096723557, "mae": 0.22150300443172455, "variance": 0.028207581490278244, "min_ae": 0.0016547590494155884, "max_ae": 0.6521076560020447, "abs_diff_tensor": {"_type": "torch.Tensor", "var": 0.027983710169792175, "mean": 0.22150297462940216, "min": 0.0016547590494155884, "max": 0.6521076560020447, "10%": 0.03146720863878727, "25%": 0.08115510642528534, "75%": 0.3342241495847702, "90%": 0.4519699364900589, "size": 126}}, "1": {"mse": 0.05008808895945549, "mae": 0.18433266878128052, "variance": 0.01620718277990818, "min_ae": 0.00032814592123031616, "max_ae": 0.6840126514434814, "abs_diff_tensor": {"_type": "torch.Tensor", "var": 0.01610955037176609, "mean": 0.18433266878128052, "min": 0.00032814592123031616, "max": 0.6840126514434814, "10%": 0.03517533838748932, "25%": 0.07883941009640694, "75%": 0.26128944009542465, "90%": 0.36004120111465454, "size": 166}}, "2": {"mse": 0.05598884075880051, "mae": 0.19373030960559845, "variance": 0.018605070188641548, "min_ae": 0.0008125156164169312, "max_ae": 0.5707861185073853, "abs_diff_tensor": {"_type": "torch.Tensor", "var": 0.018457408994436264, "mean": 0.19373029470443726, "min": 0.0008125156164169312, "max": 0.5707861185073853, "10%": 0.04030414670705795, "25%": 0.09884857386350632, "75%": 0.2789219543337822, "90%": 0.3820495754480362, "size": 126}}, "3": {"mse": 0.04259828105568886, "mae": 0.16050198674201965, "variance": 0.016985082998871803, "min_ae": 0.0018852055072784424, "max_ae": 0.5162897109985352, "abs_diff_tensor": {"_type": "torch.Tensor", "var": 0.016837390139698982, "mean": 0.16050201654434204, "min": 0.0018852055072784424, "max": 0.5162897109985352, "10%": 0.03199776411056519, "25%": 0.05501537024974823, "75%": 0.2511267587542534, "90%": 0.3607316672801972, "size": 115}}, "4": {"mse": 0.01585957407951355, "mae": 0.09296312928199768, "variance": 0.0073176720179617405, "min_ae": 0.003295689821243286, "max_ae": 0.41670551896095276, "abs_diff_tensor": {"_type": "torch.Tensor", "var": 0.007217430975288153, "mean": 0.09296312928199768, "min": 0.003295689821243286, "max": 0.41670551896095276, "10%": 0.014858186244964601, "25%": 0.03961491584777832, "75%": 0.11560788750648499, "90%": 0.21445621848106378, "size": 73}}, "5": {"mse": 0.013503910973668098, "mae": 0.09296786785125732, "variance": 0.004952601157128811, "min_ae": 0.0008094310760498047, "max_ae": 0.35252058506011963, "abs_diff_tensor": {"_type": "torch.Tensor", "var": 0.004860886372625828, "mean": 0.09296787530183792, "min": 0.0008094310760498047, "max": 0.35252058506011963, "10%": 0.01871722936630249, "25%": 0.04658268392086029, "75%": 0.1232551783323288, "90%": 0.16088418662548068, "size": 54}}, "6": {"mse": 0.036059506237506866, "mae": 0.14503823220729828, "variance": 0.015306878834962845, "min_ae": 0.005113542079925537, "max_ae": 0.5456234216690063, "abs_diff_tensor": {"_type": "torch.Tensor", "var": 0.01502341777086258, "mean": 0.14503821730613708, "min": 0.005113542079925537, "max": 0.5456234216690063, "10%": 0.015287971496582032, "25%": 0.054153233766555786, "75%": 0.20428667962551117, "90%": 0.3224561244249345, "size": 54}}, "7": {"mse": 0.03276456519961357, "mae": 0.15273162722587585, "variance": 0.009563455358147621, "min_ae": 0.003397345542907715, "max_ae": 0.4081151783466339, "abs_diff_tensor": {"_type": "torch.Tensor", "var": 0.009437620639801025, "mean": 0.15273161232471466, "min": 0.003397345542907715, "max": 0.4081151783466339, "10%": 0.03333541750907898, "25%": 0.07397958636283875, "75%": 0.22057287395000458, "90%": 0.28194232285022736, "size": 76}}, "8": {"mse": 0.07753204554319382, "mae": 0.2345953732728958, "variance": 0.02270536869764328, "min_ae": 0.004662036895751953, "max_ae": 0.7407684326171875, "abs_diff_tensor": {"_type": "torch.Tensor", "var": 0.022497061640024185, "mean": 0.2345953732728958, "min": 0.004662036895751953, "max": 0.7407684326171875, "10%": 0.052783596515655534, "25%": 0.1337330937385559, "75%": 0.3225788474082947, "90%": 0.4172501862049103, "size": 109}}, "9": {"mse": 0.12975165247917175, "mae": 0.3202682435512543, "variance": 0.027451712638139725, "min_ae": 0.00697171688079834, "max_ae": 0.8425700664520264, "abs_diff_tensor": {"_type": "torch.Tensor", "var": 0.027179909870028496, "mean": 0.3202682435512543, "min": 0.00697171688079834, "max": 0.8425700664520264, "10%": 0.12096899747848511, "25%": 0.1939353346824646, "75%": 0.42403286695480347, "90%": 0.4853941798210144, "size": 101}}}}, "_wandb": {"runtime": 644}}