{"t_exec_epoch": 20.144546508789062, "train_loss": 0.03639337775253114, "valid_loss": 0.07424612483009696, "_timestamp": 1687947699.3201127, "_runtime": 996.0247006416321, "_step": 29, "T_train": 957.9061448574066, "T_test": 3.1297926902770996, "MSE": 0.07485894858837128, "insights": {"mse": 0.07485894858837128, "mae": 0.2044217884540558, "variance": 0.03310379385948181, "min_ae": 0.0007575750350952148, "max_ae": 0.8391386866569519, "abs_diff_tensor": {"_type": "torch.Tensor", "var": 0.03307068720459938, "mean": 0.2044217884540558, "min": 0.0007575750350952148, "max": 0.8391386866569519, "10%": 0.03216648548841477, "25%": 0.06940569169819355, "75%": 0.2871302664279938, "90%": 0.48581578731536873, "size": 1000}}, "_wandb": {"runtime": 998}}