{"t_exec_epoch": 22.109225511550903, "train_loss": 0.227911887049675, "valid_loss": 0.20687504578381777, "_timestamp": 1687784195.2718747, "_runtime": 654.0214867591858, "_step": 29, "T_train": 640.4799737930298, "T_test": 1.2358722686767578, "MSE": 0.2450312376022339, "_wandb": {"runtime": 654}}