{"t_exec_epoch": 7.280861854553223, "train_loss": 0.018461908623576165, "valid_loss": 0.06977694877423346, "_timestamp": 1687872667.2330127, "_runtime": 2077.18030667305, "_step": 99, "T_train": 2055.535352230072, "T_test": 0.6040854454040527, "MSE": 0.0724058598279953, "_wandb": {"runtime": 2077}}