{"t_exec_epoch": 22.40325903892517, "train_loss": 0.006308058802038431, "valid_loss": 0.052743033273145556, "_timestamp": 1687541247.0866568, "_runtime": 4195.582290887833, "_step": 199, "T_train": 4181.6224410533905, "T_test": 1.2601146697998047, "MSE": 0.055119115859270096, "_wandb": {"runtime": 4196}}