{"t_exec_epoch": 13.803908586502075, "train_loss": 0.033857393835205585, "valid_loss": 0.07843798957765102, "_timestamp": 1687526080.2223163, "_runtime": 418.59620118141174, "_step": 29, "T_rain": 407.3806700706482, "T_test": 0.7864570617675781, "MSE": 0.07486715912818909, "_wandb": {"runtime": 418}}