{"t_exec_epoch": 22.103208780288696, "train_loss": 0.041739239811897276, "valid_loss": 0.07004022714681923, "_timestamp": 1687528724.1698341, "_runtime": 667.1190042495728, "_step": 29, "T_rain": 655.5708804130554, "T_test": 1.2273330688476562, "MSE": 0.0746474340558052, "_wandb": {"runtime": 667}}