{"t_exec_epoch": 13.175628900527954, "train_loss": 0.12205111956596375, "valid_loss": 0.11719561647623777, "_timestamp": 1687874991.0033753, "_runtime": 43.4181752204895, "_step": 1, "T_train": 33.313364028930664, "T_test": 2.764820098876953, "MSE": 0.126133993268013, "_wandb": {"runtime": 60}}