{"t_exec_epoch": 8.514745473861694, "train_loss": 0.003577042610384524, "valid_loss": 0.05119904247112572, "_timestamp": 1687536625.4465275, "_runtime": 1707.7582094669342, "_step": 199, "T_train": 1694.328869342804, "T_test": 0.6629321575164795, "MSE": 0.05273808538913727, "_wandb": {"runtime": 1708}}