{"t_exec_epoch": 0.9212043285369873, "train_loss": 0.043167260608502796, "valid_loss": 0.10090401768684387, "_timestamp": 1687520491.9316156, "_runtime": 36.89170265197754, "_step": 30, "T_train": "29.373295307159424", "T_test": "0.06719112396240234", "MSE": "tensor(0.1257, device='cuda:0')", "_wandb": {"runtime": 36}}