{"t_exec_epoch": 22.03203058242798, "train_loss": 0.02068715827912092, "valid_loss": 0.06332213571295142, "_timestamp": 1687530234.7367518, "_runtime": 824.0538227558136, "_step": 49, "T_train": 806.8228681087494, "T_test": 1.232893705368042, "MSE": 0.06088382378220558, "_wandb": {"runtime": 821}}