{"t_exec_epoch": 8.184391498565674, "train_loss": 0.03459278716146946, "valid_loss": 0.07189347548410296, "_timestamp": 1687858137.2099264, "_runtime": 277.458571434021, "_step": 29, "T_train": 262.38385033607483, "T_test": 0.6347157955169678, "MSE": 0.07152723520994186, "_wandb": {"runtime": 277}}