{"t_exec_epoch": 51.31984496116638, "train_loss": 0.0076928842546684405, "valid_loss": 0.05915870890021324, "_timestamp": 1687959126.311147, "_runtime": 1129.8817820549011, "_step": 49, "T_train": 1118.0878131389618, "T_test": 4.707026243209839, "MSE": 0.06309252977371216, "insights": {"test": {"mse": 0.06309252977371216, "mae": 0.18015342950820923, "variance": 0.03066793642938137, "min_ae": 0.00012752413749694824, "max_ae": 1.0176292657852173, "abs_diff_tensor": {"_type": "torch.Tensor", "var": 0.030637267976999283, "mean": 0.18015341460704803, "min": 0.00012752413749694824, "max": 1.0176292657852173, "10%": 0.021530506014823914, "25%": 0.05163267906755209, "75%": 0.2527150735259056, "90%": 0.4453879535198212, "size": 1000}}, "bins": {"0": {"mse": 0.05956890061497688, "mae": 0.17250888049602509, "variance": 0.03004806488752365, "min_ae": 0.002533379942178726, "max_ae": 0.7041941285133362, "abs_diff_tensor": {"_type": "torch.Tensor", "var": 0.02980959042906761, "mean": 0.1725088506937027, "min": 0.002533379942178726, "max": 0.7041941285133362, "10%": 0.02547311782836914, "25%": 0.05271057039499283, "75%": 0.240615576505661, "90%": 0.44846808910369873, "size": 126}}, "1": {"mse": 0.04540235176682472, "mae": 0.14170880615711212, "variance": 0.02547442726790905, "min_ae": 0.0005005449056625366, "max_ae": 0.8055993914604187, "abs_diff_tensor": {"_type": "torch.Tensor", "var": 0.02532096579670906, "mean": 0.14170882105827332, "min": 0.0005005449056625366, "max": 0.8055993914604187, "10%": 0.014879580587148666, "25%": 0.0408345777541399, "75%": 0.17454088479280472, "90%": 0.3842341899871826, "size": 166}}, "2": {"mse": 0.07833822071552277, "mae": 0.21134567260742188, "variance": 0.033940598368644714, "min_ae": 0.0003840923309326172, "max_ae": 0.7482602596282959, "abs_diff_tensor": {"_type": "torch.Tensor", "var": 0.03367122635245323, "mean": 0.2113456428050995, "min": 0.0003840923309326172, "max": 0.7482602596282959, "10%": 0.03724747151136398, "25%": 0.06996989995241165, "75%": 0.27895765006542206, "90%": 0.495779424905777, "size": 126}}, "3": {"mse": 0.040417253971099854, "mae": 0.14514118432998657, "variance": 0.019521037116646767, "min_ae": 0.0003669857978820801, "max_ae": 0.586336612701416, "abs_diff_tensor": {"_type": "torch.Tensor", "var": 0.0193512924015522, "mean": 0.14514118432998657, "min": 0.0003669857978820801, "max": 0.586336612701416, "10%": 0.009888070821762086, "25%": 0.03351098299026489, "75%": 0.20727679133415222, "90%": 0.33823610544204713, "size": 115}}, "4": {"mse": 0.03285796567797661, "mae": 0.12542077898979187, "variance": 0.017365477979183197, "min_ae": 0.00012752413749694824, "max_ae": 0.5196932554244995, "abs_diff_tensor": {"_type": "torch.Tensor", "var": 0.017127595841884613, "mean": 0.12542077898979187, "min": 0.00012752413749694824, "max": 0.5196932554244995, "10%": 0.014586842060089112, "25%": 0.023509711027145386, "75%": 0.17599442601203918, "90%": 0.3258328795433044, "size": 73}}, "5": {"mse": 0.02652890980243683, "mae": 0.12420543283224106, "variance": 0.011311391368508339, "min_ae": 0.0009980201721191406, "max_ae": 0.4892604351043701, "abs_diff_tensor": {"_type": "torch.Tensor", "var": 0.0111019192263484, "mean": 0.12420541048049927, "min": 0.0009980201721191406, "max": 0.4892604351043701, "10%": 0.02327041625976563, "25%": 0.04553602635860443, "75%": 0.17779533565044403, "90%": 0.28171222805976875, "size": 54}}, "6": {"mse": 0.07058260589838028, "mae": 0.21947069466114044, "variance": 0.02283814735710621, "min_ae": 0.030014991760253906, "max_ae": 0.845706582069397, "abs_diff_tensor": {"_type": "torch.Tensor", "var": 0.022415217012166977, "mean": 0.21947067975997925, "min": 0.030014991760253906, "max": 0.845706582069397, "10%": 0.06751250624656678, "25%": 0.11164312064647675, "75%": 0.30377770215272903, "90%": 0.38690304756164556, "size": 54}}, "7": {"mse": 0.0704004243016243, "mae": 0.20810846984386444, "variance": 0.027452506124973297, "min_ae": 0.0008608102798461914, "max_ae": 0.6357749700546265, "abs_diff_tensor": {"_type": "torch.Tensor", "var": 0.027091288939118385, "mean": 0.20810846984386444, "min": 0.0008608102798461914, "max": 0.6357749700546265, "10%": 0.027623087167739868, "25%": 0.07106497883796692, "75%": 0.28541238605976105, "90%": 0.4672318547964096, "size": 76}}, "8": {"mse": 0.07419368624687195, "mae": 0.20567503571510315, "variance": 0.03218676522374153, "min_ae": 0.009529531002044678, "max_ae": 0.8151750564575195, "abs_diff_tensor": {"_type": "torch.Tensor", "var": 0.03189147636294365, "mean": 0.20567503571510315, "min": 0.009529531002044678, "max": 0.8151750564575195, "10%": 0.031376326084136964, "25%": 0.07797980308532715, "75%": 0.29777371883392334, "90%": 0.46286442279815676, "size": 109}}, "9": {"mse": 0.12327975779771805, "mae": 0.25370103120803833, "variance": 0.05950469151139259, "min_ae": 0.0035634636878967285, "max_ae": 1.0176292657852173, "abs_diff_tensor": {"_type": "torch.Tensor", "var": 0.058915529400110245, "mean": 0.2537010610103607, "min": 0.0035634636878967285, "max": 1.0176292657852173, "10%": 0.024981141090393066, "25%": 0.06040489673614502, "75%": 0.38456112146377563, "90%": 0.6617202758789062, "size": 101}}}}, "_wandb": {"runtime": 1138}}