{"t_exec_epoch": 316.9494993686676, "train_loss": 0.007431532602012157, "valid_loss": 0.028404686611758757, "_timestamp": 1687952919.837005, "_runtime": 29944.307818889618, "_step": 99, "T_train": 29909.558176517487, "T_test": 14.274689674377441, "MSE": 0.026865098625421524, "insights": {"mse": 0.026865098625421524, "mae": 0.10547701269388199, "variance": 0.015741273760795593, "min_ae": 8.791685104370117e-06, "max_ae": 0.9582274556159973, "abs_diff_tensor": {"_type": "torch.Tensor", "var": 0.01573970355093479, "mean": 0.10547700524330139, "min": 8.791685104370117e-06, "max": 0.9582274556159973, "10%": 0.00945602059364319, "25%": 0.02486521005630493, "75%": 0.13413551822304726, "90%": 0.25871493220329284, "size": 10000}}, "_wandb": {"runtime": 29959}}