{"t_exec_epoch": 54.33173203468323, "train_loss": 0.019116464078426362, "valid_loss": 0.06568235461600125, "_timestamp": 1687786939.7769153, "_runtime": 1212.040949344635, "_step": 29, "T_train": 1198.4161312580109, "T_test": 1.830068826675415, "MSE": 0.06977732479572296, "_wandb": {"runtime": 1213}}