{"t_exec_epoch": 17.311851739883423, "train_loss": 0.021131369965298782, "valid_loss": 0.06363617070019245, "_timestamp": 1687956594.2721853, "_runtime": 373.35290932655334, "_step": 29, "T_train": 359.9468729496002, "T_test": 1.0836646556854248, "MSE": 0.0633392333984375, "insights": {"test": {"mse": 0.0633392333984375, "mae": 0.19898129999637604, "variance": 0.023769443854689598, "min_ae": 9.775161743164062e-05, "max_ae": 0.8425354361534119, "abs_diff_tensor": {"_type": "torch.Tensor", "var": 0.02374567650258541, "mean": 0.19898129999637604, "min": 9.775161743164062e-05, "max": 0.8425354361534119, "10%": 0.03040473163127899, "25%": 0.07446623593568802, "75%": 0.2898362800478935, "90%": 0.40543020069599156, "size": 1000}}, "bins": {"0": {"mse": 0.08777443319559097, "mae": 0.23842746019363403, "variance": 0.031174203380942345, "min_ae": 0.0013034343719482422, "max_ae": 0.7631204128265381, "abs_diff_tensor": {"_type": "torch.Tensor", "var": 0.030926791951060295, "mean": 0.23842746019363403, "min": 0.0013034343719482422, "max": 0.7631204128265381, "10%": 0.039988698437809944, "25%": 0.09039675816893578, "75%": 0.34606634825468063, "90%": 0.47418592870235443, "size": 126}}, "1": {"mse": 0.0628318339586258, "mae": 0.210160031914711, "variance": 0.018777702003717422, "min_ae": 0.0009685680270195007, "max_ae": 0.7027255296707153, "abs_diff_tensor": {"_type": "torch.Tensor", "var": 0.018664583563804626, "mean": 0.210160031914711, "min": 0.0009685680270195007, "max": 0.7027255296707153, "10%": 0.044269103556871414, "25%": 0.10252643004059792, "75%": 0.2796899750828743, "90%": 0.3720087856054306, "size": 166}}, "2": {"mse": 0.0649004727602005, "mae": 0.20374460518360138, "variance": 0.023575713858008385, "min_ae": 0.0004792213439941406, "max_ae": 0.658375084400177, "abs_diff_tensor": {"_type": "torch.Tensor", "var": 0.023388605564832687, "mean": 0.20374459028244019, "min": 0.0004792213439941406, "max": 0.658375084400177, "10%": 0.0348665788769722, "25%": 0.07135018706321716, "75%": 0.31323737651109695, "90%": 0.4172869622707367, "size": 126}}, "3": {"mse": 0.05292786657810211, "mae": 0.17398488521575928, "variance": 0.02285587415099144, "min_ae": 0.00025027990341186523, "max_ae": 0.655693531036377, "abs_diff_tensor": {"_type": "torch.Tensor", "var": 0.02265712432563305, "mean": 0.17398487031459808, "min": 0.00025027990341186523, "max": 0.655693531036377, "10%": 0.020164579153060913, "25%": 0.05329348146915436, "75%": 0.2839333415031433, "90%": 0.3856970191001892, "size": 115}}, "4": {"mse": 0.026011545211076736, "mae": 0.1178685650229454, "variance": 0.012286858633160591, "min_ae": 0.0005562901496887207, "max_ae": 0.4651382863521576, "abs_diff_tensor": {"_type": "torch.Tensor", "var": 0.012118544429540634, "mean": 0.1178685650229454, "min": 0.0005562901496887207, "max": 0.4651382863521576, "10%": 0.015547722578048706, "25%": 0.04108947515487671, "75%": 0.15660205483436584, "90%": 0.33303608298301673, "size": 73}}, "5": {"mse": 0.023102877661585808, "mae": 0.12181252241134644, "variance": 0.008420523256063461, "min_ae": 9.775161743164062e-05, "max_ae": 0.3844726085662842, "abs_diff_tensor": {"_type": "torch.Tensor", "var": 0.008264588192105293, "mean": 0.12181252986192703, "min": 9.775161743164062e-05, "max": 0.3844726085662842, "10%": 0.033894103765487675, "25%": 0.06081916391849518, "75%": 0.15563232451677322, "90%": 0.264787131547928, "size": 54}}, "6": {"mse": 0.03697900101542473, "mae": 0.14890462160110474, "variance": 0.015085777267813683, "min_ae": 0.0014160871505737305, "max_ae": 0.5049758553504944, "abs_diff_tensor": {"_type": "torch.Tensor", "var": 0.014806412160396576, "mean": 0.14890463650226593, "min": 0.0014160871505737305, "max": 0.5049758553504944, "10%": 0.010053133964538583, "25%": 0.043123021721839905, "75%": 0.23294100165367126, "90%": 0.3114891707897187, "size": 54}}, "7": {"mse": 0.030362464487552643, "mae": 0.13813269138336182, "variance": 0.01143224909901619, "min_ae": 0.00040471553802490234, "max_ae": 0.5201605558395386, "abs_diff_tensor": {"_type": "torch.Tensor", "var": 0.011281825602054596, "mean": 0.13813269138336182, "min": 0.00040471553802490234, "max": 0.5201605558395386, "10%": 0.036242783069610596, "25%": 0.06862981617450714, "75%": 0.17574691772460938, "90%": 0.28946518898010254, "size": 76}}, "8": {"mse": 0.08445771038532257, "mae": 0.24192672967910767, "variance": 0.026169242337346077, "min_ae": 0.005142867565155029, "max_ae": 0.8425353765487671, "abs_diff_tensor": {"_type": "torch.Tensor", "var": 0.025929154828190804, "mean": 0.24192672967910767, "min": 0.005142867565155029, "max": 0.8425353765487671, "10%": 0.04281078577041626, "25%": 0.13283324241638184, "75%": 0.3208213448524475, "90%": 0.4375395238399506, "size": 109}}, "9": {"mse": 0.10820498317480087, "mae": 0.2800154387950897, "variance": 0.030094299465417862, "min_ae": 0.001252591609954834, "max_ae": 0.7845045924186707, "abs_diff_tensor": {"_type": "torch.Tensor", "var": 0.029796337708830833, "mean": 0.2800154387950897, "min": 0.001252591609954834, "max": 0.7845045924186707, "10%": 0.08205246925354004, "25%": 0.1560177206993103, "75%": 0.38688480854034424, "90%": 0.5053732395172119, "size": 101}}}}, "_wandb": {"runtime": 375}}