{"t_exec_epoch": 8.207621574401855, "train_loss": 0.058106926560401916, "valid_loss": 0.1441959012299776, "_timestamp": 1687525057.8612525, "_runtime": 259.845148563385, "_step": 29, "T_rain": 248.65722393989563, "T_test": 0.6378335952758789, "MSE": 0.14249883592128754, "_wandb": {"runtime": 259}}