{"t_exec_epoch": 7.968180179595947, "train_loss": 0.07335588061809539, "valid_loss": 0.10053997253999114, "_timestamp": 1687772594.999451, "_runtime": 272.42610692977905, "_step": 29, "T_train": 243.47392988204956, "T_test": 0.629235029220581, "MSE": 0.09279647469520569, "_wandb": {"runtime": 269}}