{"t_exec_epoch": 8.346352577209473, "train_loss": 0.11212585677230169, "valid_loss": 0.08409382216632366, "_timestamp": 1687955385.9336283, "_runtime": 25.74192237854004, "_step": 0, "T_train": 8.385144472122192, "T_test": 0.8040697574615479, "MSE": 0.08866056054830551, "insights": {"test": {"mse": 0.08866056054830551, "mae": 0.25023987889289856, "variance": 0.026066629216074944, "min_ae": 0.0010150671005249023, "max_ae": 0.8637679219245911, "abs_diff_tensor": {"_type": "torch.Tensor", "var": 0.026040561497211456, "mean": 0.25023987889289856, "min": 0.0010150671005249023, "max": 0.8637679219245911, "10%": 0.04837317019701004, "25%": 0.1191183589398861, "75%": 0.36597124487161636, "90%": 0.4674213737249375, "size": 1000}}, "bins": {"0": {"mse": 0.08866056054830551, "mae": 0.25023987889289856, "variance": 0.026066629216074944, "min_ae": 0.0010150671005249023, "max_ae": 0.8637679219245911, "abs_diff_tensor": {"_type": "torch.Tensor", "var": 0.026040561497211456, "mean": 0.25023987889289856, "min": 0.0010150671005249023, "max": 0.8637679219245911, "10%": 0.04837314933538437, "25%": 0.11911829560995102, "75%": 0.36597126722335815, "90%": 0.4674213737249375, "size": 1000}}, "1": {"mse": 0.08866056054830551, "mae": 0.25023987889289856, "variance": 0.026066625490784645, "min_ae": 0.0010150671005249023, "max_ae": 0.8637678623199463, "abs_diff_tensor": {"_type": "torch.Tensor", "var": 0.026040561497211456, "mean": 0.25023987889289856, "min": 0.0010150671005249023, "max": 0.8637678623199463, "10%": 0.04837314933538437, "25%": 0.11911831796169281, "75%": 0.36597132682800293, "90%": 0.4674213707447052, "size": 1000}}, "2": {"mse": 0.08866056054830551, "mae": 0.25023987889289856, "variance": 0.026066625490784645, "min_ae": 0.0010150671005249023, "max_ae": 0.8637679219245911, "abs_diff_tensor": {"_type": "torch.Tensor", "var": 0.026040561497211456, "mean": 0.25023987889289856, "min": 0.0010150671005249023, "max": 0.8637679219245911, "10%": 0.048373176157474516, "25%": 0.11911830306053162, "75%": 0.36597128957509995, "90%": 0.46742126643657683, "size": 1000}}, "3": {"mse": 0.08866056054830551, "mae": 0.25023987889289856, "variance": 0.026066625490784645, "min_ae": 0.0010150671005249023, "max_ae": 0.8637678623199463, "abs_diff_tensor": {"_type": "torch.Tensor", "var": 0.026040561497211456, "mean": 0.25023987889289856, "min": 0.0010150671005249023, "max": 0.8637678623199463, "10%": 0.048373176157474516, "25%": 0.11911830678582191, "75%": 0.36597128212451935, "90%": 0.46742132008075715, "size": 1000}}, "4": {"mse": 0.08866056054830551, "mae": 0.25023987889289856, "variance": 0.026066625490784645, "min_ae": 0.0010150671005249023, "max_ae": 0.8637678623199463, "abs_diff_tensor": {"_type": "torch.Tensor", "var": 0.026040561497211456, "mean": 0.25023987889289856, "min": 0.0010150671005249023, "max": 0.8637678623199463, "10%": 0.04837317019701004, "25%": 0.1191183365881443, "75%": 0.36597126722335815, "90%": 0.4674213707447052, "size": 1000}}, "5": {"mse": 0.08866056054830551, "mae": 0.25023987889289856, "variance": 0.026066629216074944, "min_ae": 0.0010150671005249023, "max_ae": 0.8637678623199463, "abs_diff_tensor": {"_type": "torch.Tensor", "var": 0.026040561497211456, "mean": 0.25023987889289856, "min": 0.0010150671005249023, "max": 0.8637678623199463, "10%": 0.04837319701910019, "25%": 0.11911831796169281, "75%": 0.36597128957509995, "90%": 0.4674212634563446, "size": 1000}}, "6": {"mse": 0.08866056054830551, "mae": 0.25023987889289856, "variance": 0.026066625490784645, "min_ae": 0.0010150671005249023, "max_ae": 0.8637679219245911, "abs_diff_tensor": {"_type": "torch.Tensor", "var": 0.026040561497211456, "mean": 0.25023987889289856, "min": 0.0010150671005249023, "max": 0.8637679219245911, "10%": 0.048373122513294224, "25%": 0.11911832168698311, "75%": 0.36597126722335815, "90%": 0.4674213230609894, "size": 1000}}, "7": {"mse": 0.08866056054830551, "mae": 0.25023987889289856, "variance": 0.026066625490784645, "min_ae": 0.0010150671005249023, "max_ae": 0.8637678623199463, "abs_diff_tensor": {"_type": "torch.Tensor", "var": 0.026040561497211456, "mean": 0.25023987889289856, "min": 0.0010150671005249023, "max": 0.8637678623199463, "10%": 0.048373122513294224, "25%": 0.1191183552145958, "75%": 0.36597128957509995, "90%": 0.4674213230609894, "size": 1000}}, "8": {"mse": 0.08866056054830551, "mae": 0.25023990869522095, "variance": 0.026066625490784645, "min_ae": 0.0010150671005249023, "max_ae": 0.8637679219245911, "abs_diff_tensor": {"_type": "torch.Tensor", "var": 0.026040561497211456, "mean": 0.25023987889289856, "min": 0.0010150671005249023, "max": 0.8637679219245911, "10%": 0.04837314933538437, "25%": 0.1191183403134346, "75%": 0.36597128957509995, "90%": 0.4674213767051697, "size": 1000}}, "9": {"mse": 0.08866056054830551, "mae": 0.25023987889289856, "variance": 0.026066625490784645, "min_ae": 0.0010150671005249023, "max_ae": 0.8637679219245911, "abs_diff_tensor": {"_type": "torch.Tensor", "var": 0.026040561497211456, "mean": 0.25023987889289856, "min": 0.0010150671005249023, "max": 0.8637679219245911, "10%": 0.048373176157474516, "25%": 0.1191183291375637, "75%": 0.36597132682800293, "90%": 0.4674213230609894, "size": 1000}}}}}