{"t_exec_epoch": 48.14470171928406, "train_loss": 0.007788061681720946, "valid_loss": 0.054727873764932156, "_timestamp": 1687963351.8916857, "_runtime": 2346.575549840927, "_step": 49, "T_train": 2306.5431838035583, "T_test": 4.008832931518555, "MSE": 0.054106827825307846, "insights": {"test": {"mse": 0.054106827825307846, "mae": 0.18390744924545288, "variance": 0.02030518278479576, "min_ae": 0.0009829550981521606, "max_ae": 0.8552418351173401, "abs_diff_tensor": {"_type": "torch.Tensor", "var": 0.020284879952669144, "mean": 0.1839074343442917, "min": 0.0009829550981521606, "max": 0.8552418351173401, "10%": 0.02956773936748505, "25%": 0.07320413179695606, "75%": 0.25971052050590515, "90%": 0.38432229161262516, "size": 1000}}, "bins": {"0": {"mse": 0.062444161623716354, "mae": 0.2020818442106247, "variance": 0.021779943257570267, "min_ae": 0.0009829699993133545, "max_ae": 0.6890622973442078, "abs_diff_tensor": {"_type": "torch.Tensor", "var": 0.021607086062431335, "mean": 0.2020818293094635, "min": 0.0009829699993133545, "max": 0.6890622973442078, "10%": 0.03981278836727142, "25%": 0.08902358263731003, "75%": 0.2733204960823059, "90%": 0.4274926781654358, "size": 126}}, "1": {"mse": 0.05082482844591141, "mae": 0.17997398972511292, "variance": 0.01854591630399227, "min_ae": 0.0015673190355300903, "max_ae": 0.6777145862579346, "abs_diff_tensor": {"_type": "torch.Tensor", "var": 0.01843419298529625, "mean": 0.17997397482395172, "min": 0.0015673190355300903, "max": 0.6777145862579346, "10%": 0.033998340368270874, "25%": 0.07134267315268517, "75%": 0.24337251111865044, "90%": 0.36205069720745087, "size": 166}}, "2": {"mse": 0.05286621302366257, "mae": 0.18728266656398773, "variance": 0.017933746799826622, "min_ae": 0.0021263211965560913, "max_ae": 0.6242397427558899, "abs_diff_tensor": {"_type": "torch.Tensor", "var": 0.017791416496038437, "mean": 0.18728263676166534, "min": 0.0021263211965560913, "max": 0.6242397427558899, "10%": 0.04110739380121231, "25%": 0.08238372579216957, "75%": 0.2765944004058838, "90%": 0.34369003772735596, "size": 126}}, "3": {"mse": 0.04474291205406189, "mae": 0.16825054585933685, "variance": 0.016578834503889084, "min_ae": 0.003170222043991089, "max_ae": 0.6202185153961182, "abs_diff_tensor": {"_type": "torch.Tensor", "var": 0.016434671357274055, "mean": 0.16825056076049805, "min": 0.003170222043991089, "max": 0.6202185153961182, "10%": 0.024314701557159424, "25%": 0.06890983879566193, "75%": 0.2482929676771164, "90%": 0.35353322625160233, "size": 115}}, "4": {"mse": 0.02212442457675934, "mae": 0.10632430016994476, "variance": 0.010969837196171284, "min_ae": 0.002743542194366455, "max_ae": 0.44359973073005676, "abs_diff_tensor": {"_type": "torch.Tensor", "var": 0.010819564573466778, "mean": 0.10632430762052536, "min": 0.002743542194366455, "max": 0.44359973073005676, "10%": 0.01620466709136963, "25%": 0.03805279731750488, "75%": 0.12073507905006409, "90%": 0.22376907467842097, "size": 73}}, "5": {"mse": 0.025483842939138412, "mae": 0.12417023628950119, "variance": 0.010255513712763786, "min_ae": 0.002881467342376709, "max_ae": 0.3757941722869873, "abs_diff_tensor": {"_type": "torch.Tensor", "var": 0.010065595619380474, "mean": 0.12417023628950119, "min": 0.002881467342376709, "max": 0.3757941722869873, "10%": 0.02043639421463013, "25%": 0.0377257838845253, "75%": 0.17183813452720642, "90%": 0.28647119998931897, "size": 54}}, "6": {"mse": 0.030826862901449203, "mae": 0.13363154232501984, "variance": 0.013214181177318096, "min_ae": 0.001775205135345459, "max_ae": 0.4615321457386017, "abs_diff_tensor": {"_type": "torch.Tensor", "var": 0.01296947244554758, "mean": 0.13363154232501984, "min": 0.001775205135345459, "max": 0.4615321457386017, "10%": 0.015282142162322999, "25%": 0.04724454879760742, "75%": 0.1876651644706726, "90%": 0.30026331841945647, "size": 54}}, "7": {"mse": 0.03466344624757767, "mae": 0.14640812575817108, "variance": 0.013404479250311852, "min_ae": 0.00509035587310791, "max_ae": 0.5757032632827759, "abs_diff_tensor": {"_type": "torch.Tensor", "var": 0.013228102587163448, "mean": 0.14640812575817108, "min": 0.00509035587310791, "max": 0.5757032632827759, "10%": 0.023521125316619873, "25%": 0.05724544823169708, "75%": 0.20728479325771332, "90%": 0.32418815791606903, "size": 76}}, "8": {"mse": 0.07074679434299469, "mae": 0.21927665174007416, "variance": 0.02287440374493599, "min_ae": 0.004800200462341309, "max_ae": 0.7888754606246948, "abs_diff_tensor": {"_type": "torch.Tensor", "var": 0.022664545103907585, "mean": 0.21927665174007416, "min": 0.004800200462341309, "max": 0.7888754606246948, "10%": 0.03318165540695191, "25%": 0.10720568895339966, "75%": 0.3008352518081665, "90%": 0.414537650346756, "size": 109}}, "9": {"mse": 0.10884833335876465, "mae": 0.28625619411468506, "variance": 0.027174770832061768, "min_ae": 0.0019667744636535645, "max_ae": 0.8552417755126953, "abs_diff_tensor": {"_type": "torch.Tensor", "var": 0.026905715465545654, "mean": 0.28625619411468506, "min": 0.0019667744636535645, "max": 0.8552417755126953, "10%": 0.08720630407333374, "25%": 0.15737932920455933, "75%": 0.3877885341644287, "90%": 0.47454679012298584, "size": 101}}}}, "_wandb": {"runtime": 2355}}