{"t_exec_epoch": 7.610979795455933, "train_loss": 0.04654810480773449, "valid_loss": 0.07443842454813421, "_timestamp": 1687858548.7540386, "_runtime": 317.01230359077454, "_step": 29, "T_train": 300.6977376937866, "T_test": 0.6639862060546875, "MSE": 0.07977575808763504, "_wandb": {"runtime": 317}}