{"t_exec_epoch": 13.135400772094727, "train_loss": 0.08768630450963974, "valid_loss": 0.10277960821986198, "_timestamp": 1687874119.8925686, "_runtime": 150.0268726348877, "_step": 9}