{"t_exec_epoch": 8.57933259010315, "train_loss": 0.059205051243305204, "valid_loss": 0.08750269957818091, "_timestamp": 1687527671.2683039, "_runtime": 270.465322971344, "_step": 29, "T_rain": 259.93007802963257, "T_test": 0.6744921207427979, "MSE": 0.0835619866847992, "_wandb": {"runtime": 269}}