{"t_exec_epoch": 0.9439435005187988, "train_loss": 0.02970224991440773, "valid_loss": 0.0853780061006546, "_timestamp": 1687518305.1670432, "_runtime": 36.38918113708496, "_step": 30, "T_train": 28.981248140335083, "T_test": 0.07230496406555176, "MSE": 0.12122924625873566, "_wandb": {"runtime": 35}}