{"acc": 0.931749528305424, "loss": 0.09645727392605766, "_timestamp": 1687512011.9570534, "_runtime": 6.4727864265441895, "_step": 7, "_wandb": {"runtime": 5}}