{"t_exec_epoch": 7.3953633308410645, "train_loss": 0.03531125126779079, "valid_loss": 0.07154026301577687, "_timestamp": 1687860660.5054603, "_runtime": 394.60777735710144, "_step": 49, "T_train": 381.0117976665497, "T_test": 0.6110858917236328, "MSE": 0.07778646796941757, "_wandb": {"runtime": 394}}