{"t_exec_epoch": 138.70810651779175, "train_loss": 0.02490987601876259, "valid_loss": 0.04118945798541926, "_timestamp": 1687967192.3475847, "_runtime": 2184.0315997600555, "_step": 17, "_wandb": {"runtime": 2197}}