{"t_exec_epoch": 8.308515787124634, "train_loss": 0.023254003547132016, "valid_loss": 0.06189352343790233, "_timestamp": 1687526545.4462209, "_runtime": 459.022882938385, "_step": 49, "T_rain": 447.23035287857056, "T_test": 0.6580634117126465, "MSE": 0.064248226583004, "_wandb": {"runtime": 458}}