{"t_exec_epoch": 7.832246780395508, "train_loss": 0.007614912616088986, "valid_loss": 0.06456098519265652, "_timestamp": 1687862805.4616365, "_runtime": 804.9489705562592, "_step": 99, "T_train": 789.7584471702576, "T_test": 0.622307538986206, "MSE": 0.060205426067113876, "_wandb": {"runtime": 805}}