{"t_exec_epoch": 55.15284490585327, "train_loss": 0.03628227581817006, "valid_loss": 0.20016416162252426, "_timestamp": 1687960832.6642885, "_runtime": 609.358692407608, "_step": 28, "_wandb": {"runtime": 633}}