{"t_exec_epoch": 8.165234565734863, "train_loss": 0.05113635510206223, "valid_loss": 0.08229288877919316, "_timestamp": 1687773963.2309752, "_runtime": 260.53266620635986, "_step": 29, "T_train": 247.0873167514801, "T_test": 0.6377370357513428, "MSE": 0.07739031314849854, "_wandb": {"runtime": 260}}