{"t_exec_epoch": 13.771568775177002, "train_loss": 0.04437337727844715, "valid_loss": 0.07971286401152611, "_timestamp": 1687875529.0314622, "_runtime": 420.620156288147, "_step": 29, "T_train": 403.6420602798462, "T_test": 1.1434953212738037, "MSE": 0.07286491990089417, "_wandb": {"runtime": 421}}