{"acc": 0.8800524037002909, "loss": 0.09262312303938669, "_timestamp": 1687512689.1749485, "_runtime": 6.424652338027954, "_step": 7, "_wandb": {"runtime": 5}}