{"t_exec_epoch": 8.068430662155151, "train_loss": 0.10531939241290092, "valid_loss": 0.13040901953354478, "_timestamp": 1687772906.6728258, "_runtime": 260.1759057044983, "_step": 29, "T_train": 246.67084288597107, "T_test": 0.6406068801879883, "MSE": 0.1271926313638687, "_wandb": {"runtime": 260}}