{"t_exec_epoch": 0.9137787818908691, "train_loss": 0.02246317746383803, "valid_loss": 0.09687633067369461, "_timestamp": 1687517888.976998, "_runtime": 35.66546106338501, "_step": 29, "_wandb": {"runtime": 35}}