{"t_exec_epoch": 1.0680358409881592, "train_loss": 0.05396822573883193, "valid_loss": 0.12414884567260742, "_timestamp": 1687523783.9669814, "_runtime": 40.15261650085449, "_step": 29, "T_rain": 33.11800193786621, "T_test": 0.07333087921142578, "MSE": 0.14260654151439667, "_wandb": {"runtime": 39}}