{"t_exec_epoch": 22.060033082962036, "train_loss": 0.028979789644479753, "valid_loss": 0.0627677058801055, "_timestamp": 1687784901.6053288, "_runtime": 649.4471356868744, "_step": 29, "T_train": 635.8977017402649, "T_test": 1.2310614585876465, "MSE": 0.06762335449457169, "_wandb": {"runtime": 650}}