{"t_exec_epoch": 22.221086740493774, "train_loss": 0.006415921108797192, "valid_loss": 0.05989448819309473, "_timestamp": 1687787641.6709263, "_runtime": 1707.576853275299, "_step": 49, "T_train": 1676.5533578395844, "T_test": 1.232736349105835, "MSE": 0.05657709389925003, "_wandb": {"runtime": 1708}}