{"t_exec_epoch": 0.9439680576324463, "train_loss": 0.029124276180352484, "valid_loss": 0.12815818190574646, "_timestamp": 1687518512.1976573, "_runtime": 36.77893424034119, "_step": 29, "_wandb": {"runtime": 36}}