{"t_exec_epoch": 8.22430682182312, "train_loss": 0.11190024195682435, "valid_loss": 0.08542926609516144, "_timestamp": 1687956067.6354167, "_runtime": 24.753363847732544, "_step": 0}