{"t_exec_epoch": 34.9685320854187, "train_loss": 0.010523837931454182, "valid_loss": 0.055474475491791964, "_timestamp": 1687871403.1746542, "_runtime": 1449.8165593147278, "_step": 99, "T_train": 1436.3294684886932, "T_test": 2.2826192378997803, "MSE": 0.05975377559661865, "_wandb": {"runtime": 1451}}