{"t_exec_epoch": 176.0645513534546, "train_loss": 0.07221547652482986, "valid_loss": 0.06643571096319187, "_timestamp": 1687967474.6819627, "_runtime": 226.76586270332336, "_step": 0, "_wandb": {"runtime": 392}}