{"t_exec_epoch": 23.017818212509155, "train_loss": 0.02539665026217699, "valid_loss": 0.06624767114408314, "_timestamp": 1687872631.5244098, "_runtime": 2120.630976676941, "_step": 99, "T_train": 2104.4514424800873, "T_test": 1.3077037334442139, "MSE": 0.061812564730644226, "_wandb": {"runtime": 2121}}