{"t_exec_epoch": 235.25410556793213, "train_loss": 0.0036414731716737153, "valid_loss": 0.025436336551851863, "_timestamp": 1687922955.211925, "_runtime": 23674.241294145584, "_step": 99, "T_train": 23634.4637799263, "T_test": 11.731282472610474, "MSE": 0.025867916643619537, "insights": {"mse": 0.025867916643619537, "mae": 0.1011674627661705, "variance": 0.015634628012776375, "min_ae": 4.678964614868164e-06, "max_ae": 0.9341331124305725, "abs_diff_tensor": {"_type": "torch.Tensor", "var": 0.01563306339085102, "mean": 0.1011674553155899, "min": 4.678964614868164e-06, "max": 0.9341331124305725, "10%": 0.007376427948474884, "25%": 0.02179887890815735, "75%": 0.12761687859892845, "90%": 0.24927052557468415, "size": 10000}}, "_wandb": {"runtime": 23686}}