{"t_exec_epoch": 15.47311544418335, "train_loss": 0.09392511096596717, "valid_loss": 0.10694416705518961, "_timestamp": 1687528048.4734144, "_runtime": 371.4721884727478, "_step": 29, "T_rain": 359.873140335083, "T_test": 0.9915328025817871, "MSE": 0.11021741479635239, "_wandb": {"runtime": 371}}