{"t_exec_epoch": 22.039847135543823, "train_loss": 0.04690928275883198, "valid_loss": 0.07864957978017628, "_timestamp": 1687782766.2972462, "_runtime": 525.7694642543793, "_step": 29, "T_train": 512.3046629428864, "T_test": 1.2285656929016113, "MSE": 0.07393810153007507, "_wandb": {"runtime": 526}}