{"t_exec_epoch": 7.983817100524902, "train_loss": 0.03863220895826817, "valid_loss": 0.07458892883732915, "_timestamp": 1687524789.2139058, "_runtime": 258.05900979042053, "_step": 29, "T_rain": 244.58979415893555, "T_test": 0.6299614906311035, "MSE": 0.0752464309334755, "_wandb": {"runtime": 258}}